-- phpMyAdmin SQL Dump
-- version 4.8.4
-- https://www.phpmyadmin.net/
--
-- Host: 127.0.0.1
-- Generation Time: Jan 06, 2020 at 10:30 AM
-- Server version: 10.1.37-MariaDB
-- PHP Version: 7.3.1

SET SQL_MODE = "NO_AUTO_VALUE_ON_ZERO";
SET AUTOCOMMIT = 0;
START TRANSACTION;
SET time_zone = "+00:00";


/*!40101 SET @OLD_CHARACTER_SET_CLIENT=@@CHARACTER_SET_CLIENT */;
/*!40101 SET @OLD_CHARACTER_SET_RESULTS=@@CHARACTER_SET_RESULTS */;
/*!40101 SET @OLD_COLLATION_CONNECTION=@@COLLATION_CONNECTION */;
/*!40101 SET NAMES utf8mb4 */;

--
-- Database: `rest_api`
--

-- --------------------------------------------------------

--
-- Table structure for table `failed_jobs`
--

CREATE TABLE `failed_jobs` (
  `id` bigint(20) UNSIGNED NOT NULL,
  `connection` text COLLATE utf8mb4_unicode_ci NOT NULL,
  `queue` text COLLATE utf8mb4_unicode_ci NOT NULL,
  `payload` longtext COLLATE utf8mb4_unicode_ci NOT NULL,
  `exception` longtext COLLATE utf8mb4_unicode_ci NOT NULL,
  `failed_at` timestamp NOT NULL DEFAULT CURRENT_TIMESTAMP
) ENGINE=InnoDB DEFAULT CHARSET=utf8mb4 COLLATE=utf8mb4_unicode_ci;

-- --------------------------------------------------------

--
-- Table structure for table `migrations`
--

CREATE TABLE `migrations` (
  `id` int(10) UNSIGNED NOT NULL,
  `migration` varchar(191) COLLATE utf8mb4_unicode_ci NOT NULL,
  `batch` int(11) NOT NULL
) ENGINE=InnoDB DEFAULT CHARSET=utf8mb4 COLLATE=utf8mb4_unicode_ci;

--
-- Dumping data for table `migrations`
--

INSERT INTO `migrations` (`id`, `migration`, `batch`) VALUES
(1, '2014_10_12_000000_create_users_table', 1),
(2, '2014_10_12_100000_create_password_resets_table', 1),
(3, '2019_08_19_000000_create_failed_jobs_table', 1),
(4, '2020_01_05_184307_create_products_table', 1),
(5, '2020_01_05_184355_create_reviews_table', 1);

-- --------------------------------------------------------

--
-- Table structure for table `password_resets`
--

CREATE TABLE `password_resets` (
  `email` varchar(191) COLLATE utf8mb4_unicode_ci NOT NULL,
  `token` varchar(191) COLLATE utf8mb4_unicode_ci NOT NULL,
  `created_at` timestamp NULL DEFAULT NULL
) ENGINE=InnoDB DEFAULT CHARSET=utf8mb4 COLLATE=utf8mb4_unicode_ci;

-- --------------------------------------------------------

--
-- Table structure for table `products`
--

CREATE TABLE `products` (
  `id` bigint(20) UNSIGNED NOT NULL,
  `name` varchar(191) COLLATE utf8mb4_unicode_ci NOT NULL,
  `detail` text COLLATE utf8mb4_unicode_ci NOT NULL,
  `price` int(11) NOT NULL,
  `stock` int(11) NOT NULL,
  `discount` int(11) NOT NULL,
  `created_at` timestamp NULL DEFAULT NULL,
  `updated_at` timestamp NULL DEFAULT NULL
) ENGINE=InnoDB DEFAULT CHARSET=utf8mb4 COLLATE=utf8mb4_unicode_ci;

--
-- Dumping data for table `products`
--

INSERT INTO `products` (`id`, `name`, `detail`, `price`, `stock`, `discount`, `created_at`, `updated_at`) VALUES
(1, 'nihil', 'Et consequuntur sequi fugiat qui ad. Rerum dolores non unde excepturi nihil. Velit alias perspiciatis corporis.', 1773, 3, 12, '2020-01-06 01:05:34', '2020-01-06 01:05:34'),
(2, 'sit', 'Inventore placeat nemo ab exercitationem. Magnam voluptatum aut id enim molestias et sint. Suscipit nostrum qui laudantium non corrupti dolor.', 296, 5, 16, '2020-01-06 01:05:34', '2020-01-06 01:05:34'),
(3, 'deleniti', 'Officia ducimus molestiae et rerum sequi consequuntur natus. Possimus quisquam sit aut nesciunt hic quis sint. Voluptatibus aperiam ipsum illo culpa expedita omnis. Soluta voluptatibus quae aliquam magnam. Voluptas qui tempore eos eos reiciendis occaecati rerum.', 875, 0, 18, '2020-01-06 01:05:34', '2020-01-06 01:05:34'),
(4, 'tenetur', 'Quod sit iure voluptatem eius minus accusantium et. Et expedita doloremque iusto iste omnis. Ea est odit eius repellat veniam qui vitae. Ducimus magnam aliquid quam voluptatem autem cum.', 1264, 7, 20, '2020-01-06 01:05:34', '2020-01-06 01:05:34'),
(5, 'laboriosam', 'Voluptas delectus aut libero optio impedit aperiam iusto. Consequatur eaque ex atque. Quod ullam omnis distinctio animi labore id est tempora.', 465, 3, 17, '2020-01-06 01:05:34', '2020-01-06 01:05:34'),
(6, 'veniam', 'Aut doloribus velit dignissimos placeat. Alias odit eum nam debitis consectetur voluptatum. Facilis fuga qui voluptate molestias.', 1819, 3, 10, '2020-01-06 01:05:34', '2020-01-06 01:05:34'),
(7, 'asperiores', 'Voluptatibus labore impedit autem quisquam aliquid nesciunt perferendis. Exercitationem dolor magnam optio molestias molestias tenetur maxime est. Non repellendus blanditiis in maiores.', 1868, 0, 27, '2020-01-06 01:05:34', '2020-01-06 01:05:34'),
(8, 'autem', 'Quod esse ea quasi ipsa iste a. Et nobis et nulla assumenda impedit ad. Debitis aliquid adipisci cupiditate rerum omnis. Aut perspiciatis iure odio et veritatis eos.', 429, 0, 28, '2020-01-06 01:05:34', '2020-01-06 01:05:34'),
(9, 'ex', 'Quaerat id tempore rerum et nisi aliquam iste. Labore aut voluptatibus temporibus asperiores officia consequatur. Quia eum hic et distinctio.', 1468, 3, 18, '2020-01-06 01:05:34', '2020-01-06 01:05:34'),
(10, 'minus', 'Vero sed occaecati aut ad illo autem. Rerum velit perferendis ratione perferendis sed dolores et. Excepturi at non illum voluptas repellendus.', 195, 4, 16, '2020-01-06 01:05:34', '2020-01-06 01:05:34'),
(11, 'pariatur', 'Consequatur excepturi nulla necessitatibus consectetur nostrum nobis. Beatae ea doloremque vel aut dolor est temporibus. Eius eveniet et id.', 1408, 7, 18, '2020-01-06 01:05:34', '2020-01-06 01:05:34'),
(12, 'eum', 'Magni quos et ut. Maxime eaque eos laboriosam ut labore. Iure maiores aut nemo qui praesentium. Et aut voluptatum veritatis quia odit. Est ducimus incidunt omnis quaerat repudiandae.', 361, 2, 20, '2020-01-06 01:05:34', '2020-01-06 01:05:34'),
(13, 'numquam', 'Omnis et facilis ut veritatis reiciendis dolorum aspernatur. Earum dicta ut labore vel rerum. Ut non possimus exercitationem placeat.', 441, 6, 15, '2020-01-06 01:05:34', '2020-01-06 01:05:34'),
(14, 'quos', 'Modi nostrum et quaerat non deserunt corrupti omnis. Sed unde suscipit qui commodi voluptate.', 1370, 2, 28, '2020-01-06 01:05:34', '2020-01-06 01:05:34'),
(15, 'at', 'Adipisci est et sit a. Voluptas delectus sed itaque expedita cum blanditiis tenetur. Laboriosam et laborum nobis. Omnis nihil aut voluptatem quo cupiditate.', 484, 8, 16, '2020-01-06 01:05:34', '2020-01-06 01:05:34'),
(16, 'nisi', 'Quo et fugiat quo officia perspiciatis. Quasi amet amet earum recusandae. Expedita itaque dolorem qui vero voluptatem libero. Fuga repudiandae velit molestiae non non.', 904, 0, 18, '2020-01-06 01:05:34', '2020-01-06 01:05:34'),
(17, 'ex', 'Non exercitationem molestias officiis voluptas. Blanditiis voluptatem dolorum et error sit. Quam distinctio hic aut sed et nesciunt. Voluptatibus veritatis vel et iure officia.', 1055, 7, 22, '2020-01-06 01:05:35', '2020-01-06 01:05:35'),
(18, 'et', 'Magnam quia fuga qui enim quo repellat. Architecto exercitationem eaque reprehenderit sapiente sapiente aut quam. Omnis expedita odit et omnis.', 1109, 6, 22, '2020-01-06 01:05:35', '2020-01-06 01:05:35'),
(19, 'sit', 'Tenetur accusantium blanditiis adipisci quia est et. Illo sapiente ratione et voluptas quos mollitia quia. Ut modi non eos expedita.', 1644, 6, 15, '2020-01-06 01:05:35', '2020-01-06 01:05:35'),
(20, 'necessitatibus', 'Non iure quasi temporibus ut quos ab. Culpa odio dolorem distinctio velit corrupti velit. In quisquam aut illo itaque quibusdam fugit.', 1005, 4, 12, '2020-01-06 01:05:35', '2020-01-06 01:05:35'),
(21, 'aliquid', 'Et fuga et quis vel corrupti. Molestias vel perspiciatis sit dolore. Asperiores ut qui perspiciatis omnis ex aut.', 1411, 9, 28, '2020-01-06 01:05:35', '2020-01-06 01:05:35'),
(22, 'velit', 'Et fuga ipsa ipsum distinctio voluptatem voluptatum quia. Ea esse expedita mollitia veritatis temporibus.', 124, 7, 29, '2020-01-06 01:05:35', '2020-01-06 01:05:35'),
(23, 'impedit', 'Dolores non ut sint aut cupiditate officia qui cumque. Tempora dolorum eum possimus qui impedit et tenetur. Ipsum maxime non earum laudantium asperiores. Eos veniam sit repellat rerum repellendus hic at.', 1770, 7, 30, '2020-01-06 01:05:35', '2020-01-06 01:05:35'),
(24, 'qui', 'Amet ipsum voluptatibus ut molestiae. Nesciunt inventore repudiandae odio earum natus mollitia qui. Recusandae similique est sapiente quasi ut enim dignissimos perspiciatis.', 516, 7, 22, '2020-01-06 01:05:35', '2020-01-06 01:05:35'),
(25, 'earum', 'Dolorum voluptatum incidunt consequatur praesentium voluptate voluptates. Reiciendis possimus velit alias sed ad et voluptate nam. Qui rerum autem et quibusdam at tempore. Inventore inventore ratione quaerat praesentium quo nihil.', 890, 6, 10, '2020-01-06 01:05:35', '2020-01-06 01:05:35'),
(26, 'tenetur', 'Nam eaque voluptates architecto autem. Saepe dolores ullam delectus enim sed tempore quibusdam sunt. Aut alias voluptate voluptatum in voluptatibus minus.', 458, 6, 15, '2020-01-06 01:05:35', '2020-01-06 01:05:35'),
(27, 'ad', 'Iste at quaerat aut voluptatum sed ut. Voluptatibus nulla dicta amet sapiente ut aut eos. Quis dolorum necessitatibus non dolorem. Omnis eligendi tenetur cupiditate dolores molestiae aut dolor. Sit voluptatibus nam sequi.', 1051, 6, 18, '2020-01-06 01:05:35', '2020-01-06 01:05:35'),
(28, 'animi', 'Sit et quia repellat commodi cum explicabo. Veritatis molestias nam incidunt fugit accusantium saepe et. Laborum quibusdam id voluptas quibusdam aspernatur ex dicta. Placeat non sed saepe reiciendis. Ad qui deserunt consequuntur in.', 1180, 4, 19, '2020-01-06 01:05:35', '2020-01-06 01:05:35'),
(29, 'possimus', 'Qui ipsum quaerat distinctio sit animi commodi consequatur. Exercitationem inventore omnis nesciunt totam. Odio voluptas aspernatur assumenda rerum quo consequatur consequuntur reiciendis. Culpa rerum beatae repellat sint quia rerum sint nesciunt.', 1815, 7, 24, '2020-01-06 01:05:35', '2020-01-06 01:05:35'),
(30, 'sunt', 'Occaecati et quis dignissimos est et est dolorem. Suscipit voluptatum quia deleniti dolore. Sunt consequatur temporibus quia a dolor optio.', 289, 3, 21, '2020-01-06 01:05:35', '2020-01-06 01:05:35'),
(31, 'sit', 'Vel consequatur laboriosam vel voluptas ex numquam aut facilis. Dolor pariatur et explicabo veritatis iste dolorem. Repellendus blanditiis qui debitis occaecati rerum molestiae quibusdam.', 162, 2, 18, '2020-01-06 01:05:35', '2020-01-06 01:05:35'),
(32, 'sunt', 'Amet dolor sunt cum voluptatem perspiciatis nihil deleniti. Asperiores repudiandae dolorem placeat mollitia id eos distinctio. Natus minima deleniti eveniet consequatur maxime natus sunt. Incidunt voluptas ratione eligendi dolorem laudantium.', 1184, 4, 17, '2020-01-06 01:05:36', '2020-01-06 01:05:36'),
(33, 'alias', 'Unde praesentium inventore labore a velit est. Et et consectetur quae. Impedit corrupti error repudiandae nobis veniam dolorem cupiditate. Id voluptas et et autem laudantium.', 1673, 9, 27, '2020-01-06 01:05:36', '2020-01-06 01:05:36'),
(34, 'molestiae', 'Ut architecto odio sapiente quam. Nemo praesentium excepturi doloribus ex provident exercitationem. Vitae deleniti repellendus quo id.', 1560, 6, 11, '2020-01-06 01:05:36', '2020-01-06 01:05:36'),
(35, 'fugiat', 'Ullam ut maxime recusandae repellendus quis. Sint adipisci vitae quibusdam vel sed sunt in. Aliquam quia asperiores qui maxime voluptate. Dolorem molestiae dolorem est illum voluptas voluptas. Et et rem qui praesentium ab eaque quia.', 1244, 6, 16, '2020-01-06 01:05:36', '2020-01-06 01:05:36'),
(36, 'laborum', 'Commodi ut sapiente fugit rem temporibus quo enim. Laboriosam qui facere adipisci autem. Consequuntur corrupti ex quam quos.', 1415, 3, 12, '2020-01-06 01:05:36', '2020-01-06 01:05:36'),
(37, 'ad', 'Molestiae voluptatem et nisi itaque quo. Quia aut at reiciendis velit consequatur a. Tempore aut debitis magnam et officia. Illum quia ad laboriosam a nihil occaecati nisi officiis.', 822, 3, 15, '2020-01-06 01:05:36', '2020-01-06 01:05:36'),
(38, 'qui', 'Eum assumenda sit provident voluptate. Tenetur occaecati nihil aut dolorem quia aut accusantium accusamus. Qui consectetur eos deserunt reiciendis quibusdam.', 1170, 8, 20, '2020-01-06 01:05:36', '2020-01-06 01:05:36'),
(39, 'ex', 'Qui mollitia qui dolorem et quos. Et qui quia architecto et optio voluptate temporibus. Laborum eum laboriosam ut delectus dolores qui eveniet. Unde culpa voluptate molestiae.', 1242, 8, 12, '2020-01-06 01:05:36', '2020-01-06 01:05:36'),
(40, 'aut', 'Sed velit eveniet necessitatibus et ad natus accusamus. Autem voluptatem nostrum optio architecto iste unde. Soluta porro aliquam sint vero.', 1984, 8, 16, '2020-01-06 01:05:36', '2020-01-06 01:05:36'),
(41, 'vitae', 'Et cum fugiat autem illum expedita temporibus. Aliquam rerum est assumenda nostrum ex delectus suscipit. Molestias at id magnam amet quos voluptatem.', 147, 9, 27, '2020-01-06 01:05:36', '2020-01-06 01:05:36'),
(42, 'tempora', 'Ab ut tempore qui quod facere aliquid. Ut voluptatem distinctio soluta repudiandae cumque repellat non. Quia consectetur dicta inventore dignissimos repellendus aspernatur incidunt deserunt. Distinctio quam dolores cupiditate praesentium.', 830, 3, 29, '2020-01-06 01:05:36', '2020-01-06 01:05:36'),
(43, 'rerum', 'Qui repellat culpa similique iste et nostrum dolores. Et velit ex quo ut cum. Voluptas laudantium quia repudiandae sapiente in id.', 1677, 4, 24, '2020-01-06 01:05:36', '2020-01-06 01:05:36'),
(44, 'occaecati', 'Qui voluptas eum quia est culpa ut. Atque autem omnis et dignissimos corporis aperiam dolore. Et cum maxime cupiditate dolor perspiciatis. Vel at est eveniet vitae odit aut est cupiditate.', 1361, 5, 23, '2020-01-06 01:05:36', '2020-01-06 01:05:36'),
(45, 'esse', 'Non nesciunt cum omnis occaecati ullam error animi molestias. Ratione occaecati est similique doloribus officia non. Consequatur quidem ut error et non.', 404, 6, 10, '2020-01-06 01:05:36', '2020-01-06 01:05:36'),
(46, 'distinctio', 'Id sit quis nemo architecto pariatur non eligendi. Aut rem accusantium consequuntur blanditiis est eos rerum vel.', 175, 3, 19, '2020-01-06 01:05:36', '2020-01-06 01:05:36'),
(47, 'omnis', 'Minus veritatis modi corrupti excepturi. Facere totam dolores ut cum. Suscipit aut illum molestias atque minima.', 1257, 6, 16, '2020-01-06 01:05:36', '2020-01-06 01:05:36'),
(48, 'ut', 'Tempora ea voluptatum est ipsam reprehenderit. Recusandae voluptas est qui. Non rem enim sit ipsum. Porro nihil aperiam quaerat harum suscipit aut sapiente.', 517, 7, 16, '2020-01-06 01:05:36', '2020-01-06 01:05:36'),
(49, 'error', 'Deserunt cumque et doloribus aliquid soluta facilis. Culpa reprehenderit dicta quo ab. Cum nostrum eius odit quia nisi. Quam dolorum itaque quibusdam sunt. Pariatur expedita aperiam iste quos ut.', 1631, 2, 12, '2020-01-06 01:05:36', '2020-01-06 01:05:36'),
(50, 'voluptatem', 'Et nesciunt quia ea dolore reprehenderit qui. Sunt nisi error dolore ut voluptate necessitatibus officiis. Vel natus a voluptatibus doloremque perspiciatis ut dicta.', 513, 0, 22, '2020-01-06 01:05:36', '2020-01-06 01:05:36');

-- --------------------------------------------------------

--
-- Table structure for table `reviews`
--

CREATE TABLE `reviews` (
  `id` bigint(20) UNSIGNED NOT NULL,
  `product_id` bigint(20) UNSIGNED NOT NULL,
  `customer` varchar(191) COLLATE utf8mb4_unicode_ci NOT NULL,
  `review` text COLLATE utf8mb4_unicode_ci NOT NULL,
  `star` int(11) NOT NULL,
  `created_at` timestamp NULL DEFAULT NULL,
  `updated_at` timestamp NULL DEFAULT NULL
) ENGINE=InnoDB DEFAULT CHARSET=utf8mb4 COLLATE=utf8mb4_unicode_ci;

--
-- Dumping data for table `reviews`
--

INSERT INTO `reviews` (`id`, `product_id`, `customer`, `review`, `star`, `created_at`, `updated_at`) VALUES
(1, 33, 'Major Grady', 'Ea ad necessitatibus cupiditate inventore sed. Aut et atque odit voluptas. Aut tempore velit praesentium doloremque blanditiis. Quod qui omnis fugiat labore et quam.', 1, '2020-01-06 01:05:37', '2020-01-06 01:05:37'),
(2, 11, 'Vincenzo Leffler', 'Eveniet assumenda ullam maxime quas sunt. Iusto nam sint quasi aut dignissimos cupiditate. Aliquid vitae ab laboriosam tempore modi. In error esse est.', 4, '2020-01-06 01:05:37', '2020-01-06 01:05:37'),
(3, 22, 'Randall Grant', 'Expedita quis delectus quos ut. Occaecati non molestias distinctio maxime. Libero et odio eum aut aut. Consequatur facere ea culpa sit rerum non architecto.', 5, '2020-01-06 01:05:37', '2020-01-06 01:05:37'),
(4, 9, 'Geovanni Lebsack', 'Provident qui quibusdam facere dolores vitae. Earum quasi incidunt qui sed. Et fugit sit fugit culpa magnam nobis.', 3, '2020-01-06 01:05:37', '2020-01-06 01:05:37'),
(5, 16, 'Aaron Veum', 'Rerum maxime aliquid dignissimos et. Sed et possimus sequi perferendis quisquam molestiae autem. Aliquid earum temporibus harum autem harum. Aut possimus reiciendis qui et ullam distinctio in.', 4, '2020-01-06 01:05:37', '2020-01-06 01:05:37'),
(6, 44, 'Lesley Goodwin', 'Autem impedit quia similique veniam voluptas quas sequi. Aspernatur voluptatum eligendi voluptatem rem ea facilis voluptatem molestiae. Molestias ad facere impedit reiciendis quis dolorum. Hic occaecati asperiores eos voluptas in.', 5, '2020-01-06 01:05:37', '2020-01-06 01:05:37'),
(7, 3, 'Gregorio Gusikowski', 'Et totam enim sequi et facilis optio dolorem occaecati. Nobis pariatur facilis maxime itaque alias commodi dicta. Architecto eligendi repellat aut.', 4, '2020-01-06 01:05:37', '2020-01-06 01:05:37'),
(8, 36, 'Dax Torp', 'Animi a rerum dignissimos beatae vitae aliquam. Harum et laborum odio nostrum ut labore deleniti quia. Ab nostrum dolorum illum inventore. Nam debitis eum harum in eius.', 5, '2020-01-06 01:05:37', '2020-01-06 01:05:37'),
(9, 20, 'Jocelyn Roberts', 'Necessitatibus consequuntur sed vel error voluptatem aut ut et. Et vel perspiciatis explicabo mollitia et cumque. Est non aut molestias amet. Labore sed et laborum delectus tempore facilis.', 5, '2020-01-06 01:05:37', '2020-01-06 01:05:37'),
(10, 1, 'Greta Klocko', 'Molestiae et et velit. Rerum nam quis molestiae laborum sit fugit inventore. Dicta velit officia quasi quis vero dolor nihil rerum. Eaque et ad excepturi dolore cumque ullam.', 4, '2020-01-06 01:05:37', '2020-01-06 01:05:37'),
(11, 29, 'Melody Barrows V', 'Excepturi dolor voluptas possimus suscipit. Minus quo ducimus laboriosam quaerat tenetur quam repudiandae. Ut tempore commodi ipsa sed excepturi. Omnis voluptatem ullam necessitatibus voluptatem asperiores saepe.', 2, '2020-01-06 01:05:37', '2020-01-06 01:05:37'),
(12, 5, 'Prof. Marques Cummings II', 'Voluptatibus et tenetur voluptatem unde. Praesentium ipsum voluptatem repellendus. A qui perspiciatis beatae illum autem doloremque est praesentium. Sed fuga ea fuga eligendi et dolores.', 0, '2020-01-06 01:05:37', '2020-01-06 01:05:37'),
(13, 25, 'Jeromy Runolfsson', 'Id vitae et est enim. Ipsum qui voluptas dolores. Velit consequatur cumque inventore.', 1, '2020-01-06 01:05:37', '2020-01-06 01:05:37'),
(14, 44, 'Prof. Isadore Waters V', 'Enim a nisi ut doloribus. Repellendus repudiandae sequi quia. Non dolorum veniam in nihil corporis omnis aspernatur. Deleniti eos aut aut eaque.', 4, '2020-01-06 01:05:37', '2020-01-06 01:05:37'),
(15, 16, 'Aniyah Runolfsson', 'Numquam perferendis saepe eveniet et quam aut. Perspiciatis repellat dolor nostrum eos libero sit.', 5, '2020-01-06 01:05:37', '2020-01-06 01:05:37'),
(16, 34, 'Franz Hand III', 'Odio cupiditate rerum et quasi ullam. Omnis cumque dolor iure dolorum eveniet odio aut. Tempora id voluptas voluptate debitis sint omnis.', 3, '2020-01-06 01:05:37', '2020-01-06 01:05:37'),
(17, 35, 'Ida Parisian', 'Commodi at quo quo. Debitis voluptatibus sint atque ullam. Ut distinctio modi nesciunt minima rerum minus. Eveniet ut provident dignissimos assumenda quisquam et.', 1, '2020-01-06 01:05:38', '2020-01-06 01:05:38'),
(18, 48, 'Rocky Wunsch', 'Id suscipit ut autem magnam nihil repellendus alias. Nesciunt asperiores consequatur ullam qui perferendis. Voluptatum odio vel asperiores aliquam fuga. Et harum dolorem cumque debitis dolore. Sed et soluta aut sit.', 1, '2020-01-06 01:05:38', '2020-01-06 01:05:38'),
(19, 33, 'Maud Littel', 'Dignissimos repudiandae et rerum expedita dignissimos nesciunt. Quae rerum rem vel beatae excepturi. Ut nostrum error magnam veritatis. Dolorem accusantium magnam qui corrupti.', 3, '2020-01-06 01:05:38', '2020-01-06 01:05:38'),
(20, 23, 'Dusty Will', 'Dicta et dignissimos ratione accusamus labore omnis sequi. Aliquid velit saepe ut id iusto quam. Totam error ut eaque sunt repellendus quia vitae.', 5, '2020-01-06 01:05:38', '2020-01-06 01:05:38'),
(21, 28, 'Dr. Jess Lang', 'Omnis pariatur sunt dolorem maxime laboriosam autem. Consectetur ut modi ut omnis quae error. Nihil vel temporibus rerum sint modi quas cum.', 3, '2020-01-06 01:05:38', '2020-01-06 01:05:38'),
(22, 4, 'Sabrina Flatley', 'Et non modi soluta nostrum enim quisquam nihil aliquam. Officia qui necessitatibus explicabo voluptatem occaecati. Quas nemo quaerat maxime vel itaque odio neque.', 0, '2020-01-06 01:05:38', '2020-01-06 01:05:38'),
(23, 50, 'Dante Rogahn', 'Enim enim culpa nemo cupiditate. Rerum accusamus natus commodi id. Similique repudiandae qui sed excepturi. Veritatis soluta blanditiis eum.', 2, '2020-01-06 01:05:38', '2020-01-06 01:05:38'),
(24, 44, 'Russell Ferry', 'Id assumenda nam est voluptatem aut illo. Nobis qui sint tempore nostrum id. Enim minus est amet tempora est. Dolorum consequatur cumque est porro. Vitae fuga corrupti labore distinctio voluptatibus et doloremque.', 1, '2020-01-06 01:05:38', '2020-01-06 01:05:38'),
(25, 47, 'Davin Renner', 'Sit soluta praesentium ab vel. Praesentium sed velit voluptas aut. Facere necessitatibus reiciendis consequatur quibusdam pariatur et eum.', 5, '2020-01-06 01:05:38', '2020-01-06 01:05:38'),
(26, 49, 'Dr. Diego Von', 'Repellat dicta nulla similique perspiciatis et dolor iste. Esse sed nemo rerum asperiores reprehenderit aut perspiciatis. Ducimus ut eius molestias a.', 3, '2020-01-06 01:05:38', '2020-01-06 01:05:38'),
(27, 48, 'Dr. Elmo Wilkinson', 'Mollitia corrupti quidem est quis. Vero tenetur autem omnis. Sed modi dolore adipisci minima ut aut eaque. Aperiam totam nostrum et rerum voluptas rem fugiat.', 0, '2020-01-06 01:05:38', '2020-01-06 01:05:38'),
(28, 23, 'Dr. Ephraim Herman', 'Vel fugit a velit vel voluptatibus. Eaque odio quia porro nihil totam ea vel.', 4, '2020-01-06 01:05:38', '2020-01-06 01:05:38'),
(29, 41, 'Alene Mante', 'Qui voluptas et voluptas. Sed magni blanditiis quia sed aut. Non odio harum ex magnam. Accusamus eos consectetur porro amet.', 1, '2020-01-06 01:05:38', '2020-01-06 01:05:38'),
(30, 3, 'Claudine Bauch', 'Qui est quis necessitatibus debitis non. Molestias rerum voluptas neque et non totam. Enim adipisci et odit sit. Ipsa saepe ut ut amet quae sint. Ipsam qui in dolor velit porro suscipit explicabo.', 2, '2020-01-06 01:05:38', '2020-01-06 01:05:38'),
(31, 2, 'Dr. Alvah Gerhold II', 'Sit dignissimos est est minus accusantium vel. Voluptatum blanditiis nostrum et est temporibus. Nemo repellendus rerum et atque quia.', 1, '2020-01-06 01:05:38', '2020-01-06 01:05:38'),
(32, 38, 'Judd Russel', 'Voluptatibus ut ipsam sed harum debitis ducimus officia. Dolor doloremque accusamus sed eos veritatis et in. Nulla et est suscipit.', 4, '2020-01-06 01:05:38', '2020-01-06 01:05:38'),
(33, 31, 'Dr. Isabel Olson', 'Quod eos aut sit provident asperiores similique minus. Iste eligendi facere voluptas ab at ullam eveniet incidunt. A maiores quasi omnis dolores.', 3, '2020-01-06 01:05:38', '2020-01-06 01:05:38'),
(34, 13, 'Dr. Bo Thompson', 'Esse molestias voluptatem voluptatem. Ipsam culpa eum dolorem sunt est odit. Sapiente quia voluptatum natus autem. Ut velit maiores amet velit rerum reprehenderit sit. Vitae aut excepturi fuga eos quia.', 2, '2020-01-06 01:05:38', '2020-01-06 01:05:38'),
(35, 25, 'Mrs. Bethel Metz', 'Minima et sunt consequatur debitis pariatur deserunt. Nam quaerat vitae ut rerum sit autem. Sunt consectetur minus et enim repudiandae consequatur. Unde commodi nesciunt et velit distinctio sunt. Provident exercitationem aut quibusdam.', 4, '2020-01-06 01:05:38', '2020-01-06 01:05:38'),
(36, 6, 'Ms. Ruthie Borer DDS', 'Incidunt ut et eius in voluptas quisquam minus. Est quia aut quo libero nostrum debitis autem. Excepturi eum culpa odio qui illum.', 2, '2020-01-06 01:05:38', '2020-01-06 01:05:38'),
(37, 18, 'Beau Shanahan', 'A sunt enim laborum voluptatum quaerat sequi adipisci. Sit beatae illo blanditiis molestiae. Molestias molestiae assumenda doloremque omnis temporibus fugit nihil.', 2, '2020-01-06 01:05:38', '2020-01-06 01:05:38'),
(38, 15, 'Deion Treutel', 'Ut dolore nesciunt fugit. Neque et quam quo est quos. Dolore possimus accusantium ut ut corporis commodi alias.', 5, '2020-01-06 01:05:38', '2020-01-06 01:05:38'),
(39, 1, 'Ms. Alfreda Padberg III', 'Voluptas molestiae consequuntur vitae vero repellendus voluptatem. Sint omnis adipisci accusamus a sapiente ducimus rerum animi. Esse facere et ut. Voluptas ipsam ut at facere magnam commodi dolorum quod.', 1, '2020-01-06 01:05:38', '2020-01-06 01:05:38'),
(40, 44, 'Prof. Newell Bednar', 'Ipsa ut ipsum in consequuntur est non animi ipsum. Molestiae laboriosam repellat magni aut in. Quia et aperiam laboriosam deleniti ipsum.', 5, '2020-01-06 01:05:38', '2020-01-06 01:05:38'),
(41, 1, 'Miss Lucienne Ledner', 'Dolores vitae praesentium sed omnis quam. Enim sed hic facilis ut laborum ut. Minima tempore repellat doloribus iste consequuntur nobis eos rerum. Hic ea repellendus voluptas voluptatum dolorem deleniti ut.', 0, '2020-01-06 01:05:38', '2020-01-06 01:05:38'),
(42, 11, 'Wilburn Hahn PhD', 'Reiciendis quaerat praesentium non ut. Assumenda repellendus incidunt ullam iste. Sed ut dolorem dolores eaque eaque dolor.', 3, '2020-01-06 01:05:39', '2020-01-06 01:05:39'),
(43, 40, 'Prof. Glenda Moore', 'In illum ipsa nemo omnis accusantium. Nihil adipisci labore laborum dolor dolores.', 3, '2020-01-06 01:05:39', '2020-01-06 01:05:39'),
(44, 15, 'Omer Shields DVM', 'Rerum impedit possimus debitis error ducimus reiciendis. Minus sequi est omnis recusandae non eaque eos. Enim quibusdam nihil laborum explicabo quis culpa.', 5, '2020-01-06 01:05:39', '2020-01-06 01:05:39'),
(45, 14, 'Hazel Bosco', 'Et fugit aut architecto facilis voluptatem et. Porro quia fugit ducimus et. Ut sed iusto iusto autem.', 0, '2020-01-06 01:05:39', '2020-01-06 01:05:39'),
(46, 45, 'Dr. Wilton Pacocha PhD', 'Recusandae aut magni id optio. Et ipsa sapiente repellat. Quia quasi veritatis magnam repudiandae voluptatum corporis nemo. Laudantium nihil doloribus harum sint reiciendis.', 0, '2020-01-06 01:05:39', '2020-01-06 01:05:39'),
(47, 43, 'Mrs. Kaci Durgan', 'Itaque in deserunt quibusdam fugiat. Et enim esse fugiat iure vel vero cumque. Dicta non ipsam molestias voluptatem et aut.', 2, '2020-01-06 01:05:39', '2020-01-06 01:05:39'),
(48, 22, 'Reva Gutmann', 'Omnis qui qui aliquid ipsa culpa iure enim. Labore et nemo sunt nesciunt rerum voluptas. Qui dicta deserunt eveniet fuga architecto officiis nihil dolor.', 5, '2020-01-06 01:05:39', '2020-01-06 01:05:39'),
(49, 42, 'Prof. Nella Armstrong', 'Accusantium dolor animi qui impedit. Rerum accusamus provident cupiditate et aut nulla. Iste libero repellat est id vitae neque dolorem.', 3, '2020-01-06 01:05:39', '2020-01-06 01:05:39'),
(50, 37, 'Dr. Alexandro Jerde', 'Quia commodi ratione sed quia velit quae sunt non. Impedit aut sapiente ex et nulla laudantium quisquam sit.', 2, '2020-01-06 01:05:39', '2020-01-06 01:05:39'),
(51, 32, 'Antonina Dooley', 'Ut fuga nihil et omnis. Dolor ad est quidem minus. Ut porro officiis delectus tempore reiciendis et.', 0, '2020-01-06 01:05:39', '2020-01-06 01:05:39'),
(52, 25, 'Conner Gusikowski', 'Dolores molestiae vel esse laborum. Facere distinctio molestias quod sint.', 0, '2020-01-06 01:05:39', '2020-01-06 01:05:39'),
(53, 6, 'Mack Senger', 'Et voluptatem dolores in corrupti eum saepe. Ea optio similique beatae quae quo.', 3, '2020-01-06 01:05:39', '2020-01-06 01:05:39'),
(54, 30, 'Brandyn Crist', 'Et cupiditate dignissimos quia quia quam. Porro aspernatur soluta aut sit consequatur at. Est qui tempore dolores ducimus corrupti non sed. Rerum corporis debitis quia cupiditate. Aut beatae dolor qui quas recusandae.', 1, '2020-01-06 01:05:39', '2020-01-06 01:05:39'),
(55, 49, 'Alvina Bahringer', 'Quia vel sint est ut consectetur. Quos molestias aut ea cumque repellendus ut. Itaque doloremque minima porro nostrum officia ratione. Esse culpa et omnis quia modi.', 1, '2020-01-06 01:05:39', '2020-01-06 01:05:39'),
(56, 3, 'Aylin O\'Reilly', 'Debitis perspiciatis hic dolor consequatur rerum dolorem. Assumenda aut distinctio dolorem blanditiis saepe rerum voluptate. Blanditiis harum qui et sunt reprehenderit. Amet dolores aspernatur similique autem dicta expedita omnis a.', 4, '2020-01-06 01:05:39', '2020-01-06 01:05:39'),
(57, 12, 'Kathryne Schinner DVM', 'Quis debitis dolores voluptates delectus. Modi optio in ullam molestias autem. Debitis deserunt vel nulla est. Rem inventore ea est non dolores vero.', 2, '2020-01-06 01:05:39', '2020-01-06 01:05:39'),
(58, 12, 'Mr. Jonathon Lynch V', 'Unde est ut reiciendis fugit. Assumenda vero minus iste accusamus. Aut voluptates qui aperiam id maxime cum quo.', 3, '2020-01-06 01:05:39', '2020-01-06 01:05:39'),
(59, 7, 'Ms. Peggie McCullough II', 'Dolores cum eligendi distinctio sunt non. Debitis possimus et qui alias reiciendis non. Aperiam dolorem et quo. Aliquam magni doloribus aut facere.', 1, '2020-01-06 01:05:39', '2020-01-06 01:05:39'),
(60, 3, 'Dr. Brayan Wilderman DVM', 'Quo possimus harum ipsa molestiae. Iure delectus quia accusantium impedit odit rerum pariatur. Sed dolore laboriosam voluptatem omnis.', 4, '2020-01-06 01:05:39', '2020-01-06 01:05:39'),
(61, 27, 'Henri Feeney', 'Quia doloribus ea impedit. Quidem aut amet maiores modi. Dignissimos necessitatibus sunt nesciunt qui fugit a asperiores.', 0, '2020-01-06 01:05:39', '2020-01-06 01:05:39'),
(62, 24, 'Freeda Collier', 'Eos odit sint distinctio sit assumenda. Odio rerum possimus cum perferendis tempora. Aut qui reprehenderit quas. Repudiandae laudantium sint quia non. Nam ut consequuntur ducimus doloribus expedita.', 3, '2020-01-06 01:05:39', '2020-01-06 01:05:39'),
(63, 3, 'Ryleigh Reilly', 'Voluptatem voluptas harum officiis unde iure sunt eum. Voluptatibus quo in dolorem id aperiam. Voluptas veritatis nobis inventore dolorem.', 3, '2020-01-06 01:05:39', '2020-01-06 01:05:39'),
(64, 43, 'Jace Dibbert', 'Nemo consequuntur enim repellat facilis dolorem molestias. Inventore sed quia et nisi hic accusantium. Labore non est sunt sint et. Dolores inventore dolorem laboriosam quis eos beatae.', 4, '2020-01-06 01:05:39', '2020-01-06 01:05:39'),
(65, 23, 'Dortha Wilkinson II', 'Necessitatibus nesciunt incidunt mollitia et. Accusantium sit quaerat et soluta quo impedit esse. Porro est dolorum quam est in quia. Fugit mollitia sit perspiciatis magni odit sit. Veniam magni velit est in.', 4, '2020-01-06 01:05:39', '2020-01-06 01:05:39'),
(66, 17, 'Leslie Torphy', 'Tenetur maiores atque rerum maiores itaque. Earum accusamus laboriosam odio odio. Id quo tempora quia. Quia sunt natus placeat optio est veniam facilis.', 1, '2020-01-06 01:05:39', '2020-01-06 01:05:39'),
(67, 11, 'Prof. Dejon Goyette', 'Et eligendi eum maiores fuga magnam optio et corrupti. Sit excepturi amet temporibus voluptas quis minima laborum. Laudantium culpa dolor sint voluptas voluptatem.', 5, '2020-01-06 01:05:39', '2020-01-06 01:05:39'),
(68, 11, 'Efren Ward', 'Minus sapiente eius beatae blanditiis. Temporibus reprehenderit fugit voluptates dolorum non. Unde id architecto sed ad. Est soluta voluptatem exercitationem porro earum.', 5, '2020-01-06 01:05:39', '2020-01-06 01:05:39'),
(69, 35, 'Aurore Robel', 'Quidem nemo quam doloremque officiis sunt sed enim. Corrupti iusto consectetur error qui. Sit qui neque iusto aut omnis ut. Dolor sit omnis animi et.', 2, '2020-01-06 01:05:40', '2020-01-06 01:05:40'),
(70, 40, 'Ulises O\'Hara', 'Incidunt ducimus aut consequatur optio consequuntur. Iusto minus aperiam aut consequuntur aut quam est sit. Qui officiis sequi magni. Accusantium sint velit dolor nam voluptatem sint deleniti sed.', 0, '2020-01-06 01:05:40', '2020-01-06 01:05:40'),
(71, 49, 'Mr. Prince Beer', 'Veniam voluptatem quos et autem aut ut harum. Est in excepturi earum voluptatem. Ullam a ut occaecati sed perferendis. Dignissimos et laborum temporibus deserunt fugiat vero repudiandae esse. Fugiat molestias eum iusto ipsa eum magnam blanditiis.', 2, '2020-01-06 01:05:40', '2020-01-06 01:05:40'),
(72, 18, 'Ursula Armstrong', 'Hic nisi voluptates voluptatem deleniti. Ullam soluta iure et eligendi et. Ea odio non nihil modi laboriosam ratione. Libero alias enim aperiam maiores dolor ut facilis.', 3, '2020-01-06 01:05:40', '2020-01-06 01:05:40'),
(73, 4, 'Mr. Floyd Bahringer PhD', 'Sit at sint tempora laborum aut nisi ipsa. Et a possimus molestias voluptatem voluptas. Sit dolorum vel quas quibusdam consequuntur inventore inventore. Illo ea voluptatem veritatis porro exercitationem.', 1, '2020-01-06 01:05:40', '2020-01-06 01:05:40'),
(74, 8, 'Mrs. Chaya Ortiz PhD', 'Aliquid qui quos numquam illo est ratione. Soluta sapiente deleniti natus eligendi quis. Doloremque accusantium culpa voluptatem dolorum eligendi. Laboriosam debitis rerum esse rem ratione.', 3, '2020-01-06 01:05:40', '2020-01-06 01:05:40'),
(75, 28, 'Darryl Batz', 'Aliquid nobis et ut qui iusto odit. Nam minus debitis error sed. Praesentium eaque consectetur facilis quia expedita laboriosam. Magnam fugiat iste voluptatibus et fuga tempora sapiente.', 4, '2020-01-06 01:05:40', '2020-01-06 01:05:40'),
(76, 22, 'Hildegard Bergnaum', 'Ipsam ut debitis earum quia tempora delectus in. Ea corporis consectetur quod quia quas aut. Eum dignissimos quibusdam et et.', 5, '2020-01-06 01:05:40', '2020-01-06 01:05:40'),
(77, 40, 'Jalen Sauer', 'Mollitia aut corrupti blanditiis qui illo. Voluptas magnam exercitationem ab corrupti dolores accusamus veritatis. Incidunt magni quae quaerat ipsam.', 2, '2020-01-06 01:05:40', '2020-01-06 01:05:40'),
(78, 43, 'Prof. Kaley Berge', 'Eum illum temporibus reprehenderit vel exercitationem laboriosam nisi. Alias aut sit esse enim explicabo quibusdam nam. Recusandae quibusdam pariatur et sint id tempora.', 2, '2020-01-06 01:05:40', '2020-01-06 01:05:40'),
(79, 35, 'Sofia Cormier', 'Qui debitis aperiam exercitationem et magnam. Quasi a minus debitis eius numquam.', 4, '2020-01-06 01:05:40', '2020-01-06 01:05:40'),
(80, 45, 'Tatyana Miller', 'Minima at dolorem ut eveniet dolorem nihil. Necessitatibus natus a voluptatem sit.', 3, '2020-01-06 01:05:40', '2020-01-06 01:05:40'),
(81, 36, 'Herminio Rice Sr.', 'Laudantium quasi facilis amet ut tempora quia sit. Aliquid autem delectus vitae veniam qui. Quos id est qui architecto qui enim cumque.', 0, '2020-01-06 01:05:40', '2020-01-06 01:05:40'),
(82, 18, 'Luna Tillman', 'Sed est asperiores animi qui nesciunt non. Et saepe animi vel neque dolorum. Sint doloribus itaque repudiandae dicta tempore aut blanditiis. Et rem ullam velit repellat commodi repellendus illo.', 1, '2020-01-06 01:05:40', '2020-01-06 01:05:40'),
(83, 46, 'Claire Huel PhD', 'Nostrum ut consequatur dolorem pariatur reprehenderit odit consequatur. Quis perferendis aliquid doloribus aut at dolores eligendi. Enim et aut impedit est illo consequatur temporibus.', 0, '2020-01-06 01:05:40', '2020-01-06 01:05:40'),
(84, 40, 'Carroll Lebsack', 'Ut consequatur ea dolore et doloremque neque. Accusantium sunt temporibus nisi reprehenderit repellendus autem omnis. Aut autem molestiae et.', 4, '2020-01-06 01:05:40', '2020-01-06 01:05:40'),
(85, 19, 'Cristina Fay', 'Eius id veritatis earum iure. Suscipit minus vitae consectetur assumenda. Accusantium autem qui quas quod adipisci qui.', 4, '2020-01-06 01:05:40', '2020-01-06 01:05:40'),
(86, 33, 'Ms. Noelia Langworth', 'Qui eius porro minima velit asperiores laboriosam fuga qui. Magni voluptate ad et eos fuga. Possimus tempore qui ea occaecati facilis aut.', 0, '2020-01-06 01:05:40', '2020-01-06 01:05:40'),
(87, 26, 'Maximillian Tillman', 'Molestiae consequatur error facilis soluta. Sint ipsam quos enim illo dolor ipsum. Exercitationem consequatur nesciunt rerum temporibus voluptate sed non.', 1, '2020-01-06 01:05:40', '2020-01-06 01:05:40'),
(88, 49, 'Neha O\'Kon', 'Voluptatibus voluptatem quia enim assumenda. Veritatis et magni reiciendis nihil omnis non delectus. Facilis ut veritatis ipsam sint nisi minima. Necessitatibus asperiores sint explicabo autem ea nesciunt.', 5, '2020-01-06 01:05:40', '2020-01-06 01:05:40'),
(89, 35, 'Lulu Stark', 'Laudantium fugit asperiores perferendis quae. Consequuntur quia modi ipsum libero et aperiam. Nemo repellat voluptas et mollitia. Repudiandae voluptatem non eligendi explicabo.', 3, '2020-01-06 01:05:40', '2020-01-06 01:05:40'),
(90, 23, 'Hassie Donnelly', 'Praesentium quos illo id qui nihil nam. Et dolorum recusandae sed quia sed. Nihil ut adipisci perferendis repellendus voluptas quidem autem.', 5, '2020-01-06 01:05:40', '2020-01-06 01:05:40'),
(91, 5, 'Carol Parker', 'Tempore et atque fugit delectus cupiditate odit. Odit dolorem quam eum est. Ex blanditiis vel voluptatem voluptas in rerum dicta.', 3, '2020-01-06 01:05:40', '2020-01-06 01:05:40'),
(92, 40, 'Prof. Stephen Heathcote DVM', 'Necessitatibus iusto aut ipsa ut. Corporis minima nulla rerum animi dignissimos et. Numquam consequatur maxime quisquam et quis. Veritatis illo dolorem minima voluptas quo.', 4, '2020-01-06 01:05:41', '2020-01-06 01:05:41'),
(93, 32, 'Prof. Jolie Rempel', 'Modi sed et eaque veritatis voluptatibus ex. Repellat corporis ratione tempora natus commodi nam. Cupiditate aut vel pariatur itaque dicta.', 2, '2020-01-06 01:05:41', '2020-01-06 01:05:41'),
(94, 40, 'Mr. Ward Kessler', 'Aut eaque illo dicta sit aut sed. Culpa ut sit ab laborum porro alias. Mollitia cupiditate rerum tempore nulla facilis. Neque aut praesentium et sed aspernatur qui molestiae sed.', 1, '2020-01-06 01:05:41', '2020-01-06 01:05:41'),
(95, 6, 'Mr. Kendrick Gaylord', 'Et dignissimos autem aut exercitationem et vel. Id rerum commodi dolor et animi voluptatem. Voluptate nihil adipisci dignissimos odio. Qui molestiae est minima non sapiente.', 3, '2020-01-06 01:05:41', '2020-01-06 01:05:41'),
(96, 10, 'Manuela Wunsch', 'Molestias voluptate atque ut placeat. Occaecati est accusantium voluptatem molestias non. Debitis ipsa eius cupiditate neque saepe ipsum sint. Blanditiis aut accusamus laboriosam voluptate aut porro et.', 5, '2020-01-06 01:05:41', '2020-01-06 01:05:41'),
(97, 39, 'Hildegard Ruecker', 'Corporis qui molestias quia aut. Officia odio repudiandae dolores molestiae. Atque et ullam soluta eaque quis cupiditate accusamus.', 2, '2020-01-06 01:05:41', '2020-01-06 01:05:41'),
(98, 50, 'Freeman Gleason', 'Aut dolor et nisi et amet molestiae. Qui nihil illo molestiae est. Illo repellat voluptas quis et sed et quas autem.', 3, '2020-01-06 01:05:41', '2020-01-06 01:05:41'),
(99, 45, 'Robyn Hand I', 'Aspernatur reiciendis quis et consequatur. Vitae in asperiores voluptatem sed omnis. Dolorem quia repellat ut autem a et libero minima. Beatae quia est perferendis cumque.', 2, '2020-01-06 01:05:41', '2020-01-06 01:05:41'),
(100, 39, 'Lora Parker II', 'Rerum autem nostrum natus modi omnis. Omnis esse placeat et consequatur quis sed consequuntur. Accusamus aut quasi saepe consequuntur eveniet. Totam quasi qui nobis.', 2, '2020-01-06 01:05:41', '2020-01-06 01:05:41'),
(101, 3, 'Annabel Brakus DVM', 'Quia maiores consectetur molestias laborum. Et quia qui et sequi maxime praesentium et. Libero accusantium eum eveniet nihil aut porro et illum. Omnis excepturi aspernatur placeat repellat quia.', 3, '2020-01-06 01:05:41', '2020-01-06 01:05:41'),
(102, 15, 'Francisca Beer', 'Minus voluptas dicta nam hic tempore neque beatae nulla. Quo adipisci sapiente aliquid et quia distinctio. Quos consequatur ut sunt totam vitae dolorum nisi.', 2, '2020-01-06 01:05:41', '2020-01-06 01:05:41'),
(103, 6, 'Audreanne Dare', 'Quam aut esse aut iure beatae quo. Aut facere velit autem nobis aperiam sint tempora. Dolore enim iste labore quia atque est nesciunt. Tenetur nobis corrupti labore voluptas non.', 5, '2020-01-06 01:05:41', '2020-01-06 01:05:41'),
(104, 3, 'Major Terry', 'Repudiandae illo ea et et et numquam quis. Tenetur asperiores quidem in ipsam. Quidem magnam itaque molestiae totam sit nihil tempore reprehenderit. Est magnam sint aspernatur recusandae.', 1, '2020-01-06 01:05:41', '2020-01-06 01:05:41'),
(105, 49, 'Tiara Zboncak', 'Illum exercitationem aut earum provident et et. Amet et distinctio explicabo aspernatur cupiditate aliquam iste voluptatum.', 5, '2020-01-06 01:05:41', '2020-01-06 01:05:41'),
(106, 7, 'Dr. Lou Greenfelder DVM', 'Non commodi qui optio sapiente ea temporibus dolorem. Voluptatibus suscipit cumque aperiam. Vel illum temporibus vitae amet libero nam nihil.', 5, '2020-01-06 01:05:41', '2020-01-06 01:05:41'),
(107, 19, 'Daija Breitenberg', 'Et omnis doloribus at illo quos cum. Earum quo quia delectus et aut minima autem dicta. Recusandae laborum numquam molestiae ipsam. Rerum cumque optio aliquam et rerum et.', 5, '2020-01-06 01:05:41', '2020-01-06 01:05:41'),
(108, 10, 'Ramiro Pouros DVM', 'Fugit odio aut accusantium nisi est dolor consequatur. Ab qui reiciendis occaecati totam nihil quia. Rerum amet sed voluptate tenetur aspernatur qui fugiat. At laborum laudantium blanditiis modi dolor quasi.', 0, '2020-01-06 01:05:41', '2020-01-06 01:05:41'),
(109, 34, 'Enola Considine II', 'Voluptatem omnis distinctio dolorem ea praesentium. In maxime illo dolore est. Alias totam fugiat doloremque rerum labore non. Reprehenderit non repellendus alias rerum error.', 2, '2020-01-06 01:05:41', '2020-01-06 01:05:41'),
(110, 25, 'Reginald Mohr PhD', 'Et et eum eos nam deserunt eos blanditiis. Dolorum aut enim quidem ratione aliquid quia.', 1, '2020-01-06 01:05:41', '2020-01-06 01:05:41'),
(111, 43, 'Derek Friesen DVM', 'Dolores et facere aut dolorem quo consequatur. Accusamus facere eos et ut. Deleniti fuga quod ipsa doloremque.', 4, '2020-01-06 01:05:41', '2020-01-06 01:05:41'),
(112, 18, 'Hector Gutkowski', 'Aut esse rem mollitia molestias iure debitis totam. Dolorum autem expedita quisquam voluptatem in aliquam dignissimos aut. Eum possimus et temporibus sed reiciendis dolores.', 4, '2020-01-06 01:05:41', '2020-01-06 01:05:41'),
(113, 45, 'Mohamed Veum', 'Molestias tenetur officia dolores dolorem voluptas aspernatur dolore. Quidem rerum cumque velit et et quasi.', 3, '2020-01-06 01:05:41', '2020-01-06 01:05:41'),
(114, 47, 'Tom Schamberger', 'Maiores nisi nisi voluptatem est consequatur culpa accusamus. Ullam quas tenetur commodi ut dignissimos. Commodi officia illum doloribus voluptatem necessitatibus suscipit.', 1, '2020-01-06 01:05:41', '2020-01-06 01:05:41'),
(115, 41, 'Gennaro Kris DVM', 'Et consequatur omnis nesciunt cumque ipsum illum. Doloremque aut numquam aliquam autem asperiores ipsa et. Enim consequuntur temporibus ab iste. Unde culpa non vitae odit minima animi sapiente. Nobis similique harum dignissimos rerum laboriosam sint dolorum.', 2, '2020-01-06 01:05:41', '2020-01-06 01:05:41'),
(116, 17, 'Ruthe O\'Hara', 'Ut accusamus fugiat suscipit nihil. Minus aut impedit totam provident dolor non odio quam. Dolor voluptas optio labore nihil non aspernatur facilis sunt.', 1, '2020-01-06 01:05:41', '2020-01-06 01:05:41'),
(117, 3, 'Tito Friesen', 'Aut accusamus fuga quo ea. Commodi debitis iure possimus asperiores consequuntur consectetur laboriosam. Repudiandae ipsa aut voluptas autem maiores. Quae aut labore sunt voluptatem.', 1, '2020-01-06 01:05:41', '2020-01-06 01:05:41'),
(118, 20, 'Dr. Darrin Mills PhD', 'Vero debitis omnis doloremque maxime maxime est dolores quia. Maxime voluptate ex optio qui placeat. Distinctio velit veniam occaecati tenetur dolore. Dolore praesentium blanditiis rerum nemo.', 1, '2020-01-06 01:05:41', '2020-01-06 01:05:41'),
(119, 2, 'Adelbert Jenkins', 'Est numquam aperiam et sed expedita voluptatem. Facere voluptas ut illo omnis optio minima. Dolorem quidem facere soluta voluptates numquam.', 4, '2020-01-06 01:05:41', '2020-01-06 01:05:41'),
(120, 46, 'Michelle Lubowitz', 'Repudiandae sed nemo atque. Qui maxime dolorum autem at deserunt amet nisi. Dignissimos soluta sint quis quo maiores. Quisquam amet repellendus nesciunt voluptas modi.', 2, '2020-01-06 01:05:41', '2020-01-06 01:05:41'),
(121, 11, 'Prof. Bernard Ondricka Jr.', 'Dolores ut explicabo incidunt hic. Quo voluptate molestias sed eos eos fugit. Cum atque in nisi.', 5, '2020-01-06 01:05:41', '2020-01-06 01:05:41'),
(122, 24, 'Miss Rosa Frami', 'Laudantium et fuga eaque at. Molestiae quia et excepturi aliquid. Est quis asperiores aut reiciendis provident. Maxime ab sed dolorem fugit molestiae accusantium.', 3, '2020-01-06 01:05:41', '2020-01-06 01:05:41'),
(123, 37, 'Dr. Jett Purdy', 'Et dicta ut quibusdam veritatis eos harum voluptatem. Enim omnis quo quisquam doloremque molestias animi. Ut dolorum recusandae vel dicta molestias. Et fugiat dolor quidem. Minima aut illo ullam.', 4, '2020-01-06 01:05:42', '2020-01-06 01:05:42'),
(124, 28, 'Isom Fritsch', 'Eius dignissimos asperiores itaque placeat ab. Doloribus non cumque quo sint. Aspernatur voluptatem eius minima officia itaque.', 1, '2020-01-06 01:05:42', '2020-01-06 01:05:42'),
(125, 12, 'Titus Morar Jr.', 'Et consequuntur id harum illo hic est. Soluta quidem et voluptas quas voluptatem est vel. Enim consectetur in totam nihil pariatur maiores id.', 5, '2020-01-06 01:05:42', '2020-01-06 01:05:42'),
(126, 4, 'Vivian Emmerich', 'Illum quia est dolor aut qui. Iure et dolorum consequatur ut qui. Doloremque quisquam asperiores optio nobis.', 2, '2020-01-06 01:05:42', '2020-01-06 01:05:42'),
(127, 19, 'Mr. Grayson Walter I', 'Sequi et soluta et architecto itaque consequatur. Illo facilis ut dolores et. At quis necessitatibus possimus eos tempora quia.', 2, '2020-01-06 01:05:42', '2020-01-06 01:05:42'),
(128, 20, 'Ms. Ethelyn Walter DVM', 'Sunt debitis sit tempore dolor fugit. Saepe rerum animi et quisquam consequuntur consequatur. Eligendi facilis voluptate deserunt ea.', 3, '2020-01-06 01:05:42', '2020-01-06 01:05:42'),
(129, 32, 'Sadie Anderson', 'Ullam perferendis sed sit exercitationem pariatur. Et dignissimos quibusdam laudantium ex neque libero.', 2, '2020-01-06 01:05:42', '2020-01-06 01:05:42'),
(130, 19, 'Sid Breitenberg', 'Beatae ut in earum voluptatem deserunt cumque. Quasi autem impedit asperiores. Dolor facere aliquam assumenda animi eveniet. A inventore tempore numquam consequatur sapiente dolores exercitationem reprehenderit.', 5, '2020-01-06 01:05:42', '2020-01-06 01:05:42'),
(131, 41, 'Prof. Gino McGlynn MD', 'Harum expedita ea et temporibus. Aut et velit consequatur. Porro et est neque debitis voluptatem molestiae blanditiis. Qui aliquid totam dolorum facilis dolor voluptates.', 5, '2020-01-06 01:05:42', '2020-01-06 01:05:42'),
(132, 10, 'Dandre Crooks', 'Ab autem blanditiis occaecati asperiores vitae officiis. Ut aspernatur eum vel voluptatibus. Assumenda et dignissimos necessitatibus nobis eligendi. Fugiat fugit iure rerum doloribus.', 2, '2020-01-06 01:05:42', '2020-01-06 01:05:42'),
(133, 17, 'Maxie Ruecker', 'Reiciendis fugiat minima perferendis et voluptas et rerum perspiciatis. Et impedit enim aperiam repellendus velit in sapiente esse. Dolorem aperiam laboriosam ea sint autem sapiente. Facilis aliquid error aut.', 2, '2020-01-06 01:05:42', '2020-01-06 01:05:42'),
(134, 11, 'Elinore Glover IV', 'Dolor nihil molestias quod aliquid temporibus exercitationem rerum. Sit corporis quis labore ipsa. Laudantium quo qui minus non.', 1, '2020-01-06 01:05:42', '2020-01-06 01:05:42'),
(135, 4, 'Talon Spinka', 'Vero consequatur laborum mollitia. At ut est nemo inventore est praesentium. Voluptatibus quas eaque facere qui dolores adipisci porro.', 4, '2020-01-06 01:05:42', '2020-01-06 01:05:42'),
(136, 17, 'Terrell Ruecker', 'Animi nisi non quia laudantium. Iusto et et ducimus est labore. Fugit sint dolorem cumque vitae rerum.', 0, '2020-01-06 01:05:42', '2020-01-06 01:05:42'),
(137, 12, 'Violette Senger', 'Adipisci molestias reiciendis et. Placeat nulla harum distinctio est quis ut dolores beatae. Facere excepturi sed molestiae.', 1, '2020-01-06 01:05:42', '2020-01-06 01:05:42'),
(138, 50, 'Meda Quitzon', 'Et placeat et quo et temporibus asperiores. Magni aut consequuntur veniam et nostrum ab.', 1, '2020-01-06 01:05:42', '2020-01-06 01:05:42'),
(139, 23, 'Adrianna Zulauf Sr.', 'Eum doloremque praesentium sit qui nobis cupiditate. Vero eum atque et itaque quaerat cumque enim. Voluptatem laudantium rerum qui est laborum sequi dignissimos.', 5, '2020-01-06 01:05:42', '2020-01-06 01:05:42'),
(140, 47, 'Raphaelle Wilkinson', 'Vel dicta quo maiores tempora ea est alias. Ab repellat illum accusamus corrupti et eius neque sunt. Ut veritatis quas ad repellat. Expedita qui vitae omnis.', 4, '2020-01-06 01:05:42', '2020-01-06 01:05:42'),
(141, 11, 'Dessie Mitchell', 'Consequatur id fugiat dolore ea. Aspernatur id eos voluptatem molestiae magnam itaque. Nihil recusandae impedit nisi blanditiis laudantium.', 4, '2020-01-06 01:05:43', '2020-01-06 01:05:43'),
(142, 49, 'Dr. Estel Olson III', 'Sed beatae consectetur porro est voluptas dicta totam. Quas fugiat nemo porro molestiae nihil est quaerat. Quis facere distinctio possimus qui fugit.', 4, '2020-01-06 01:05:43', '2020-01-06 01:05:43'),
(143, 5, 'Zella Gislason', 'Qui voluptatibus sunt nostrum id nisi aut ut. Assumenda sed expedita est dolorum aperiam consequuntur voluptatum. Corrupti labore aut velit provident incidunt. Quia nihil qui repudiandae architecto rem iure.', 2, '2020-01-06 01:05:43', '2020-01-06 01:05:43'),
(144, 43, 'Ms. Juliana Leannon', 'Qui sint consectetur sit ut et. Eligendi eum laboriosam provident unde et ex. Odio odit quis ut perferendis.', 3, '2020-01-06 01:05:43', '2020-01-06 01:05:43'),
(145, 5, 'Vella Hamill', 'Rerum quas sed quia atque nihil consequatur. Mollitia doloribus nesciunt ut libero expedita in occaecati. Porro praesentium tempore accusamus excepturi temporibus necessitatibus eius.', 1, '2020-01-06 01:05:43', '2020-01-06 01:05:43'),
(146, 38, 'Mr. Chester Hettinger', 'Voluptates voluptas et fugiat officiis. Reiciendis blanditiis pariatur ducimus nostrum explicabo exercitationem. Ipsum sit nobis quibusdam atque omnis mollitia.', 0, '2020-01-06 01:05:43', '2020-01-06 01:05:43'),
(147, 12, 'Opal Smitham', 'Saepe voluptatem recusandae tenetur nisi unde et. Iusto nisi et incidunt et. Consequatur consequatur est ratione. Provident ipsa voluptas veritatis ea.', 1, '2020-01-06 01:05:44', '2020-01-06 01:05:44'),
(148, 30, 'Tyler Borer', 'Ipsum expedita laboriosam maxime labore fugit qui. Repellendus quia numquam voluptatem officiis porro amet. Quo praesentium doloribus quasi molestias beatae tempora eos.', 3, '2020-01-06 01:05:44', '2020-01-06 01:05:44'),
(149, 25, 'Ottis Marquardt', 'Sed beatae et non enim pariatur sint nam. Quasi iure omnis iste quam ad exercitationem. Quae voluptates in in velit. Deleniti maiores deleniti corrupti ut iste deserunt autem.', 5, '2020-01-06 01:05:44', '2020-01-06 01:05:44'),
(150, 4, 'Loraine Mayert', 'Corrupti sequi quia magni culpa aspernatur. Cum exercitationem et error recusandae sunt enim id. Minus in minima laboriosam et velit sit fugit velit.', 3, '2020-01-06 01:05:44', '2020-01-06 01:05:44'),
(151, 40, 'Alfreda Powlowski DVM', 'Eveniet nisi non fugit qui error. Illo sed nihil tempore dolores. Unde est aut molestias officia ut sunt minima voluptatem.', 0, '2020-01-06 01:05:44', '2020-01-06 01:05:44'),
(152, 28, 'Kasey Schimmel Jr.', 'Minus aliquam et non quaerat aut ut sint. Ad alias blanditiis ut vel. Doloremque non accusantium et dolores ab qui deleniti. Sit commodi autem qui sint magni animi eum.', 4, '2020-01-06 01:05:44', '2020-01-06 01:05:44'),
(153, 16, 'Mr. Flavio Weimann DDS', 'Nihil iure dolores corporis ullam et. Ut maxime quis dolorem necessitatibus ut vel tenetur. Vel maiores et et saepe nam adipisci. Rerum voluptatum saepe officiis amet.', 0, '2020-01-06 01:05:44', '2020-01-06 01:05:44'),
(154, 26, 'Francis Gibson', 'Atque aliquam adipisci illum debitis dicta ex ut. Quibusdam distinctio laudantium perferendis ut porro.', 3, '2020-01-06 01:05:44', '2020-01-06 01:05:44'),
(155, 41, 'Mrs. Daphnee Upton', 'Aut aliquid voluptatem aliquid. Dolores ab aut et qui omnis ipsam. Est officia possimus tempore reprehenderit. Ratione commodi corporis quos unde impedit a.', 2, '2020-01-06 01:05:44', '2020-01-06 01:05:44'),
(156, 21, 'Prof. Bart Sporer I', 'Amet nostrum et quos illum deleniti voluptatem. Similique nam consectetur non accusamus omnis libero. Aliquid consequatur culpa nisi autem.', 4, '2020-01-06 01:05:44', '2020-01-06 01:05:44'),
(157, 45, 'Sabrina Franecki', 'Pariatur blanditiis esse qui magnam deserunt qui dolores. Quasi saepe voluptatibus in est est quia et. Est enim reiciendis explicabo veritatis voluptas voluptas veniam consequatur. Quis commodi tempora porro mollitia consequatur laborum odit.', 4, '2020-01-06 01:05:44', '2020-01-06 01:05:44'),
(158, 46, 'Cullen Dietrich', 'Voluptates rerum dolor aut at cupiditate tempore dolor. Molestiae est provident omnis quas distinctio quo inventore. Dignissimos eius beatae in id eligendi aliquam similique. Earum est repellendus sed nisi qui nulla perferendis.', 4, '2020-01-06 01:05:44', '2020-01-06 01:05:44'),
(159, 30, 'Wade Murray I', 'Quo dolores est nam facilis et porro dolores. Aut laudantium nam quod. Est doloremque veritatis ut qui aut. Culpa modi et et earum sed placeat. Nobis molestiae deleniti est sit deleniti facere consequatur.', 0, '2020-01-06 01:05:44', '2020-01-06 01:05:44'),
(160, 31, 'Mrs. Katelynn Kunde IV', 'Est asperiores quidem est architecto. Hic officia omnis id officiis aliquid iste et. Quaerat vel non consectetur omnis illum.', 4, '2020-01-06 01:05:44', '2020-01-06 01:05:44'),
(161, 48, 'Mrs. Alexane Osinski', 'Vel quis nisi porro ullam vero. Totam rem minus voluptatem numquam placeat optio rerum. Temporibus odit eos optio fugiat.', 1, '2020-01-06 01:05:44', '2020-01-06 01:05:44'),
(162, 29, 'Taryn Bergstrom', 'Sapiente debitis deleniti molestiae laudantium id consequatur eius eligendi. Quod magni pariatur et dolores. Quasi qui maxime voluptate distinctio error. Voluptatem corrupti reprehenderit voluptatem fugit unde.', 3, '2020-01-06 01:05:44', '2020-01-06 01:05:44'),
(163, 19, 'Marta Wyman', 'Beatae soluta error qui voluptatem ex. Aut odio voluptates laborum. Facilis maxime excepturi ratione iure aliquam maxime id sit. Maiores quos quae animi quo quae aut.', 4, '2020-01-06 01:05:45', '2020-01-06 01:05:45'),
(164, 40, 'Beverly Swaniawski DDS', 'Tenetur et ad sint tempore quis incidunt. Nostrum sit reprehenderit ut cum. Quia ut corrupti nobis hic voluptatem vitae aut. Dolores aspernatur dolor blanditiis aut sed eligendi nulla.', 5, '2020-01-06 01:05:45', '2020-01-06 01:05:45'),
(165, 42, 'Michel Bechtelar', 'Tenetur eius minima delectus cumque aut et. Totam provident dolor adipisci fugit modi atque. Nemo fugiat laborum voluptates harum minima soluta voluptas cupiditate.', 1, '2020-01-06 01:05:45', '2020-01-06 01:05:45'),
(166, 21, 'Mrs. Leonor Daugherty DDS', 'Corporis eum sit quidem dolorem. Voluptates quo suscipit aut ipsam hic fugit molestiae. Eos enim molestias alias cumque esse dolores.', 2, '2020-01-06 01:05:45', '2020-01-06 01:05:45'),
(167, 12, 'Murl Stamm II', 'Et officiis magnam quia fuga. Assumenda aperiam saepe eum eos maxime quis nihil. Veniam rerum ut impedit quidem.', 4, '2020-01-06 01:05:45', '2020-01-06 01:05:45'),
(168, 13, 'Mr. Johnnie Walker', 'Nam esse dolorum est qui labore. At tempore eos culpa optio. Id sed omnis iste ut natus.', 1, '2020-01-06 01:05:45', '2020-01-06 01:05:45'),
(169, 7, 'Dr. Lewis Flatley', 'Blanditiis non ipsam odio ullam sint vitae. Vitae voluptas omnis placeat possimus quam aut. Numquam vero hic nam dicta vel temporibus. Eum exercitationem at aut blanditiis.', 1, '2020-01-06 01:05:45', '2020-01-06 01:05:45'),
(170, 4, 'Noe Fahey', 'Autem quia sapiente sunt ipsa nostrum quo dolor ea. Dignissimos autem qui est et sit. Sunt odit inventore perspiciatis aut. Repellat ad similique maxime dicta.', 4, '2020-01-06 01:05:45', '2020-01-06 01:05:45'),
(171, 22, 'Prof. Estrella Bradtke PhD', 'Magnam et maiores dolores cupiditate a vel sapiente. Repudiandae accusamus a ad fuga. Animi sunt voluptatem maiores itaque nobis dolores omnis tempore. Eveniet recusandae tempore ab dolores.', 0, '2020-01-06 01:05:45', '2020-01-06 01:05:45'),
(172, 13, 'Tomasa Upton', 'Dolorem consequatur et sequi labore. Placeat possimus non est excepturi deleniti facere assumenda.', 1, '2020-01-06 01:05:45', '2020-01-06 01:05:45'),
(173, 32, 'Kim Streich', 'Rerum quibusdam qui quia tempora quis. Dolores et cupiditate sequi commodi ea dolorum. Vel harum optio autem ut voluptas tempore est sint. Maxime non vel animi accusantium a sed officia.', 5, '2020-01-06 01:05:45', '2020-01-06 01:05:45'),
(174, 25, 'Wilburn Macejkovic', 'Qui distinctio voluptatibus sapiente quibusdam voluptatem non doloremque odio. Omnis qui qui earum facere inventore. Repellat facere a laborum rerum dolores officiis fugiat est.', 2, '2020-01-06 01:05:45', '2020-01-06 01:05:45'),
(175, 39, 'Gianni Toy', 'Consequatur ut eos vel praesentium. Nihil sit quia pariatur quam illum commodi praesentium facere.', 3, '2020-01-06 01:05:45', '2020-01-06 01:05:45'),
(176, 26, 'Larry Trantow', 'Ut aut ut voluptas soluta commodi doloribus repellendus. Praesentium atque vel ipsam fugit deleniti at facere. Laudantium accusantium modi ipsam voluptas nostrum tenetur possimus.', 4, '2020-01-06 01:05:45', '2020-01-06 01:05:45'),
(177, 16, 'Imogene Auer', 'Autem reprehenderit ad voluptas consequatur accusamus quis iusto. Ut quisquam eos rem facere cumque veniam. Nemo unde doloribus laudantium tempora totam reprehenderit quod sit. Incidunt doloremque non voluptas dolor excepturi explicabo.', 5, '2020-01-06 01:05:45', '2020-01-06 01:05:45'),
(178, 33, 'Carlo Rodriguez III', 'Sapiente rerum consectetur facere. Quidem unde eos quia commodi. Libero esse est iure minima soluta. Rerum numquam voluptatem consequuntur.', 4, '2020-01-06 01:05:45', '2020-01-06 01:05:45'),
(179, 42, 'Vella Kutch', 'Aut velit quasi officiis. Excepturi iusto dolore in laudantium iusto.', 1, '2020-01-06 01:05:45', '2020-01-06 01:05:45'),
(180, 50, 'Prof. Coleman O\'Hara', 'Vel dolores sunt non eveniet commodi. Voluptatem enim reiciendis vel sit veritatis est. Nam sapiente impedit veritatis distinctio consequuntur.', 2, '2020-01-06 01:05:45', '2020-01-06 01:05:45'),
(181, 19, 'Gene Hegmann', 'Id aut corporis fuga fuga exercitationem suscipit. Praesentium dignissimos minus quos ullam. Cum exercitationem accusantium voluptatem ducimus molestias.', 4, '2020-01-06 01:05:45', '2020-01-06 01:05:45'),
(182, 50, 'Myron Marquardt', 'Velit molestias animi eaque praesentium dignissimos deleniti ut. Excepturi perspiciatis qui quia consequatur nesciunt sequi ex. Eos ea recusandae nihil ab id quis excepturi. Occaecati illum blanditiis suscipit quod explicabo dolores.', 2, '2020-01-06 01:05:46', '2020-01-06 01:05:46'),
(183, 41, 'Prof. Josiah Bayer', 'Dicta pariatur at aut vel sed odio. Dolor qui laboriosam et. Vel architecto ipsam natus quia repudiandae mollitia. Assumenda nam autem vel.', 4, '2020-01-06 01:05:46', '2020-01-06 01:05:46'),
(184, 13, 'Prof. Taylor Schuster', 'Voluptas aut debitis at sint eum. Eaque ut ducimus animi et. Nemo occaecati enim cum fuga cum.', 5, '2020-01-06 01:05:46', '2020-01-06 01:05:46'),
(185, 41, 'Jett Lemke', 'Dolores aut ducimus beatae autem. Molestias repellendus consectetur qui harum. Pariatur dolore quia ipsam suscipit voluptas. Ut enim ut possimus eaque.', 4, '2020-01-06 01:05:46', '2020-01-06 01:05:46'),
(186, 10, 'Mekhi Pacocha Sr.', 'Quaerat minus et nemo delectus minima. Eum temporibus earum odio autem dolor. Id hic illo et.', 5, '2020-01-06 01:05:46', '2020-01-06 01:05:46'),
(187, 39, 'Kailey Little', 'Aliquam saepe quibusdam alias et nisi doloribus vel dolor. Omnis recusandae et in placeat dolorum. Hic qui ullam sed accusamus. At est modi doloremque aliquid.', 0, '2020-01-06 01:05:46', '2020-01-06 01:05:46'),
(188, 26, 'Eli Kiehn', 'In repudiandae odit consectetur assumenda tempore veritatis officiis accusamus. Architecto nulla et aspernatur in repellat veritatis sit. Voluptas hic eaque dolores.', 5, '2020-01-06 01:05:46', '2020-01-06 01:05:46'),
(189, 23, 'Johanna Bosco', 'Eum nihil dolorem optio sunt vel minima tempora. Deleniti numquam in voluptatem ut aut ea voluptas.', 0, '2020-01-06 01:05:46', '2020-01-06 01:05:46'),
(190, 20, 'Dr. Victoria Jenkins V', 'Nobis corrupti autem recusandae libero. Nisi vel rerum libero mollitia. Eos maxime vel odio. Neque accusantium qui aut. Accusamus dignissimos molestias neque vitae rerum quia iste.', 4, '2020-01-06 01:05:47', '2020-01-06 01:05:47'),
(191, 39, 'Dr. Keagan Roob PhD', 'Quam qui et aliquid sit quas. Illo ipsa autem praesentium animi sint. Aut ex nam dolor nemo blanditiis consequuntur aut.', 4, '2020-01-06 01:05:47', '2020-01-06 01:05:47'),
(192, 29, 'Leila Krajcik', 'Et et maiores ea corrupti corrupti voluptatem laborum. Quod labore facilis aut qui sequi sed qui inventore. Optio dolor blanditiis fugit quis. Rem voluptatem deleniti velit error quo ea dolores. Vel aspernatur amet placeat consequatur recusandae qui qui.', 5, '2020-01-06 01:05:47', '2020-01-06 01:05:47'),
(193, 41, 'Mrs. Delta Mertz', 'Et assumenda nisi reiciendis quae sunt ut. Eligendi sint esse veniam aut ducimus.', 3, '2020-01-06 01:05:47', '2020-01-06 01:05:47'),
(194, 26, 'Karley Spinka', 'Eaque dolorum nam cum quia quia. Occaecati quo debitis impedit id. Error totam voluptas incidunt sequi libero earum.', 2, '2020-01-06 01:05:47', '2020-01-06 01:05:47'),
(195, 33, 'Natasha Krajcik', 'Excepturi occaecati nobis sint provident aliquam occaecati ut. Maxime tempore vel deserunt. Iure rerum praesentium et blanditiis culpa ipsa fuga.', 4, '2020-01-06 01:05:47', '2020-01-06 01:05:47'),
(196, 7, 'Dr. Emory Wisoky DDS', 'Sunt deserunt nihil doloremque distinctio aut. Omnis cupiditate culpa accusamus placeat. Quia enim temporibus nihil. Est natus asperiores tenetur eum maxime porro sit.', 4, '2020-01-06 01:05:47', '2020-01-06 01:05:47'),
(197, 50, 'Prof. Aron Kilback', 'Mollitia assumenda accusamus quaerat eius sed iure in ut. Omnis necessitatibus corporis molestiae voluptatibus fuga rem eveniet. Earum saepe consequatur cupiditate mollitia et placeat.', 4, '2020-01-06 01:05:47', '2020-01-06 01:05:47'),
(198, 1, 'Mr. Carson Zulauf', 'Perferendis non quis quas autem. Vitae sapiente quia dolorum architecto ut eaque. Sit facere vero minus sint. Vitae et eius et. Minus voluptatibus blanditiis fugit eaque.', 0, '2020-01-06 01:05:47', '2020-01-06 01:05:47'),
(199, 42, 'Jamir Schmeler', 'Fugit nihil sed dolorem unde omnis et et. Non nesciunt molestiae eum possimus explicabo tenetur atque perspiciatis. Odit culpa tenetur ut corporis. Numquam rerum placeat distinctio facilis id vero quo.', 4, '2020-01-06 01:05:47', '2020-01-06 01:05:47'),
(200, 20, 'Herminia Treutel', 'Asperiores nisi quod sequi. Est eum qui ratione facere cumque ut. Reiciendis consequatur enim dolorem. Libero est autem qui quo corrupti sit in.', 0, '2020-01-06 01:05:48', '2020-01-06 01:05:48'),
(201, 35, 'Mr. Johnny Heidenreich Jr.', 'Facere voluptatem voluptas numquam aliquid ut consequuntur. Ut voluptate et ducimus et corporis id neque. Fugit voluptates cupiditate quia quae occaecati nemo ut. Nostrum maxime sunt et omnis sunt. Dolores iste rerum ipsum error illo consequatur.', 2, '2020-01-06 01:05:48', '2020-01-06 01:05:48'),
(202, 15, 'Vena Tillman', 'Provident impedit est incidunt voluptas. Et distinctio sunt cum qui mollitia earum nam. Eaque modi eum velit amet pariatur non repellendus repellat.', 1, '2020-01-06 01:05:48', '2020-01-06 01:05:48'),
(203, 41, 'Alessandro Veum MD', 'Labore excepturi veritatis facilis at aliquam. Nesciunt doloribus sapiente tempore ad. Consequatur quia sapiente soluta quos sit quidem cum distinctio. Non id beatae modi soluta reprehenderit fugiat.', 5, '2020-01-06 01:05:48', '2020-01-06 01:05:48'),
(204, 45, 'Amparo Ziemann', 'In ut voluptas consectetur et deserunt quod iusto. Occaecati nostrum quis architecto beatae nam sapiente. Distinctio hic tempore quae beatae dolores a accusamus. Officiis sit ex vitae est.', 0, '2020-01-06 01:05:48', '2020-01-06 01:05:48'),
(205, 36, 'Dr. Rey Keebler DDS', 'Ut sequi est magnam similique cum. Et animi ducimus dolores est harum non officiis nostrum. Earum est nihil et eum.', 2, '2020-01-06 01:05:48', '2020-01-06 01:05:48'),
(206, 14, 'Dr. Jeremy Lemke DDS', 'Dolorum dolores velit amet et corrupti. Et sed voluptatum quidem. Maiores eos recusandae esse aut non ab. Velit sunt earum distinctio necessitatibus.', 4, '2020-01-06 01:05:48', '2020-01-06 01:05:48'),
(207, 37, 'Walter Veum', 'Aut velit recusandae vel aperiam rerum possimus quia. Totam non accusantium non doloremque accusantium. Ex architecto fugiat numquam repellat facere quis expedita. Blanditiis iusto placeat omnis ut. Corrupti sed atque dolor corporis assumenda doloremque iure.', 5, '2020-01-06 01:05:48', '2020-01-06 01:05:48'),
(208, 49, 'Jayson Nikolaus', 'Magnam placeat dolores odio fugiat. At omnis ut ullam ullam aut.', 5, '2020-01-06 01:05:48', '2020-01-06 01:05:48'),
(209, 1, 'Gabe Towne', 'Iusto saepe est laboriosam hic. Dolores velit debitis repellat quibusdam. Iure ratione alias omnis natus ad. Id voluptates doloremque temporibus.', 1, '2020-01-06 01:05:48', '2020-01-06 01:05:48'),
(210, 37, 'Porter Thiel', 'Et id consequuntur est similique accusantium provident. Quos laudantium ad consequatur odit ut. Et nisi quo cumque quibusdam blanditiis. Praesentium est culpa omnis numquam aut.', 4, '2020-01-06 01:05:48', '2020-01-06 01:05:48');
INSERT INTO `reviews` (`id`, `product_id`, `customer`, `review`, `star`, `created_at`, `updated_at`) VALUES
(211, 27, 'Felipe Williamson Jr.', 'Distinctio aut voluptas aut et sed blanditiis. Non ea rem quia dolor. Ea repudiandae rerum tempora quaerat quam rerum in. Facilis repellat maxime facere eum molestiae numquam aut.', 2, '2020-01-06 01:05:48', '2020-01-06 01:05:48'),
(212, 37, 'Mr. Thomas Rutherford', 'Qui qui reprehenderit accusantium molestias. Vel alias vel et. Tempora voluptatem non aut qui voluptatem quia.', 5, '2020-01-06 01:05:48', '2020-01-06 01:05:48'),
(213, 11, 'Prof. Annette Gutkowski', 'Labore quia temporibus dolorem et maxime beatae. Eos officia voluptatem consequatur non non totam. Sint quod esse voluptatibus libero dolores.', 2, '2020-01-06 01:05:48', '2020-01-06 01:05:48'),
(214, 15, 'Prof. Carol Lindgren', 'Voluptas quia quasi enim sunt quia ipsa voluptas pariatur. Accusamus aut perferendis dignissimos at cumque consequatur qui. Fuga amet cupiditate ut iste quam sunt laudantium. Dolore voluptatem et qui voluptas.', 0, '2020-01-06 01:05:49', '2020-01-06 01:05:49'),
(215, 41, 'Sandy Emard MD', 'Consequatur numquam est ea ipsam. Ut sunt mollitia illo hic velit quis quo. Tempora accusamus sunt recusandae doloribus. Vitae sapiente ut ut ratione.', 2, '2020-01-06 01:05:49', '2020-01-06 01:05:49'),
(216, 13, 'Dominique Greenfelder', 'Non ab et rerum aut quo consectetur qui rerum. Est dolore non quaerat iure nesciunt voluptate quia. Sit aut ipsam in. Labore blanditiis dolor tempore aut non perferendis.', 2, '2020-01-06 01:05:49', '2020-01-06 01:05:49'),
(217, 41, 'Mrs. Pansy Larkin', 'Dolorum et repellendus atque animi quaerat iusto. Sit et quaerat laudantium voluptatibus laboriosam nihil dolore. Laudantium repudiandae quis asperiores veniam consequatur.', 3, '2020-01-06 01:05:49', '2020-01-06 01:05:49'),
(218, 43, 'Johathan Pouros', 'Ratione enim et eius sit voluptates. Aliquam voluptas consequatur nam sed iure a. Facere officiis ad error adipisci quibusdam repellat ut. Beatae vel eligendi est dolores aperiam officiis odit.', 0, '2020-01-06 01:05:49', '2020-01-06 01:05:49'),
(219, 40, 'Jordyn Hirthe', 'Quae cupiditate ad neque vitae itaque nesciunt. Accusantium sunt aut perspiciatis non delectus ut iure. Dolor quod rerum quia possimus.', 3, '2020-01-06 01:05:49', '2020-01-06 01:05:49'),
(220, 29, 'Wade Lubowitz', 'Dignissimos inventore totam ducimus. Praesentium dolore ab sint autem voluptatibus possimus. Dicta natus voluptatem laboriosam voluptatem rerum autem explicabo quo. Odio quidem doloremque neque quia recusandae saepe saepe.', 0, '2020-01-06 01:05:49', '2020-01-06 01:05:49'),
(221, 1, 'Rudy Ortiz', 'Dolores est exercitationem quia dolor autem consequatur. Odit quaerat doloribus maxime a dolorum veniam et voluptatem. Delectus excepturi ducimus aut ab distinctio beatae quaerat. Iste consequatur aspernatur rem id.', 1, '2020-01-06 01:05:49', '2020-01-06 01:05:49'),
(222, 39, 'Mr. Alex Fadel Sr.', 'Labore excepturi autem harum. Omnis recusandae earum dolore. Facere laboriosam alias dolore magni ex.', 4, '2020-01-06 01:05:49', '2020-01-06 01:05:49'),
(223, 3, 'Mr. Gay Kunze', 'Enim iusto et suscipit inventore dolor sapiente eaque. Nihil totam sed consequatur omnis. Iste nemo incidunt eos qui nam corporis. Quod natus iusto deserunt quasi esse consequuntur.', 0, '2020-01-06 01:05:49', '2020-01-06 01:05:49'),
(224, 25, 'Miss Zula Cassin PhD', 'Nulla porro ut ab quas rerum in quia in. Aut cum consequatur facere occaecati odio. Necessitatibus modi quia eos sunt non. Nostrum maxime ab ut enim blanditiis incidunt.', 5, '2020-01-06 01:05:49', '2020-01-06 01:05:49'),
(225, 46, 'Stone Jacobs DDS', 'Unde commodi enim perferendis voluptas veniam. Delectus ipsum placeat qui totam omnis earum cum. Velit expedita quod ratione et cupiditate qui. Aliquid tempore quia ad ut voluptas magnam corrupti. Non aut ratione excepturi.', 2, '2020-01-06 01:05:49', '2020-01-06 01:05:49'),
(226, 10, 'Prof. Theodore Wolff', 'Ipsum corrupti quae delectus provident dolorem. Optio harum illum fugiat ut nihil quia quam modi. Rerum quam adipisci explicabo corporis id vitae soluta ut.', 4, '2020-01-06 01:05:49', '2020-01-06 01:05:49'),
(227, 9, 'Vanessa Graham', 'Eius aut voluptatem non repellendus non. Perspiciatis veritatis suscipit libero sapiente.', 4, '2020-01-06 01:05:49', '2020-01-06 01:05:49'),
(228, 18, 'Brenna Dach PhD', 'Qui quos impedit et. Et eius quas cum corporis ut ipsa omnis. Nemo ea ab maxime voluptatem dolor suscipit. Facilis maiores est possimus numquam saepe eum reiciendis.', 3, '2020-01-06 01:05:49', '2020-01-06 01:05:49'),
(229, 19, 'Mr. Eleazar Legros I', 'Quia odit voluptatum voluptatem nulla quod. Voluptates sint consequuntur repellat qui officiis libero aut. Illo pariatur error culpa eaque harum. Iste consequatur qui occaecati quae.', 5, '2020-01-06 01:05:49', '2020-01-06 01:05:49'),
(230, 9, 'Jenifer Beier', 'Ut sunt quia dolorum odit qui. Distinctio quisquam sit asperiores maxime illo fuga. Sed magnam distinctio ipsum tempora dolor et explicabo. Nihil sit sapiente occaecati necessitatibus et voluptatibus excepturi.', 2, '2020-01-06 01:05:49', '2020-01-06 01:05:49'),
(231, 8, 'Miss Onie Keebler Jr.', 'Nulla est sunt facere recusandae voluptas. Architecto et vel maxime necessitatibus totam qui natus. Sint sapiente nesciunt qui dicta.', 1, '2020-01-06 01:05:49', '2020-01-06 01:05:49'),
(232, 32, 'Dr. Jaleel Gerhold Jr.', 'Itaque consequuntur porro non quos. Quae est in est cumque amet. Similique eius nesciunt vel nesciunt. Ut blanditiis voluptate quam pariatur voluptate quam.', 1, '2020-01-06 01:05:49', '2020-01-06 01:05:49'),
(233, 41, 'Emile O\'Kon PhD', 'Officia deleniti atque quam unde voluptatibus. Et culpa aut molestiae id qui quas est. Cupiditate doloribus architecto minima fugiat vel ipsum quo. Optio dicta consectetur in soluta provident.', 3, '2020-01-06 01:05:49', '2020-01-06 01:05:49'),
(234, 36, 'Erika Beatty', 'Eveniet ea eaque ad quam in velit voluptas. Sed et sapiente aliquid occaecati repudiandae. Voluptatem voluptas nihil laboriosam voluptas laboriosam sunt. Aspernatur architecto harum voluptatibus et vitae.', 3, '2020-01-06 01:05:49', '2020-01-06 01:05:49'),
(235, 20, 'Madge Marvin I', 'Et enim non dicta quae nihil. Quidem corrupti odio veritatis. Ut amet illo nobis alias.', 1, '2020-01-06 01:05:49', '2020-01-06 01:05:49'),
(236, 13, 'Lia Braun', 'Quia facilis molestias temporibus nesciunt mollitia alias et. Qui deserunt natus quis qui porro cupiditate. Quia aut et sapiente nam neque delectus dolor. Commodi voluptatem aut sunt optio ut ipsa recusandae fugiat.', 3, '2020-01-06 01:05:49', '2020-01-06 01:05:49'),
(237, 34, 'Albertha Koss', 'Molestiae rem repellendus et rem. Ducimus reprehenderit eos sed nemo qui nihil similique. Dicta deserunt quas vel quisquam fugit ex vel.', 1, '2020-01-06 01:05:50', '2020-01-06 01:05:50'),
(238, 26, 'Melvina Rosenbaum MD', 'Quia nihil quod consequatur ipsum necessitatibus laboriosam. Quibusdam ullam qui aut harum qui. Voluptatibus ratione et quia voluptatibus consequatur sit sint. Inventore et facilis quos sint porro sed impedit.', 3, '2020-01-06 01:05:50', '2020-01-06 01:05:50'),
(239, 13, 'Florine Reynolds', 'Quis eveniet voluptatem aperiam consequatur libero. Perferendis a quidem nemo quisquam architecto minus quaerat.', 2, '2020-01-06 01:05:50', '2020-01-06 01:05:50'),
(240, 6, 'Shawn Mills', 'Quidem assumenda placeat vitae eligendi ut. Nulla sit porro et ea possimus. Quis qui tempore commodi nihil tenetur. Maiores tempore recusandae non odit possimus doloremque sit.', 2, '2020-01-06 01:05:50', '2020-01-06 01:05:50'),
(241, 3, 'Berniece Breitenberg', 'Eveniet odit ea ab voluptatem facere est et. Assumenda corporis non a facere occaecati. Adipisci dolorem harum porro unde. Dignissimos sunt mollitia asperiores ratione qui sit.', 4, '2020-01-06 01:05:50', '2020-01-06 01:05:50'),
(242, 12, 'Demarcus Terry', 'Non est deleniti velit ex et eligendi inventore. Minus eum omnis aliquid. Aperiam aut hic dicta mollitia in aut provident.', 2, '2020-01-06 01:05:50', '2020-01-06 01:05:50'),
(243, 46, 'Malvina Hills', 'Hic autem vel ratione laudantium veritatis qui qui. Modi commodi assumenda eos facilis itaque. Eum laborum quod illo occaecati in.', 2, '2020-01-06 01:05:50', '2020-01-06 01:05:50'),
(244, 1, 'Marley Kuphal', 'Quis hic saepe sint vel doloribus soluta. Nobis deserunt iusto earum officia qui deleniti. Suscipit libero fugit quaerat doloremque dicta officiis ut.', 3, '2020-01-06 01:05:50', '2020-01-06 01:05:50'),
(245, 12, 'Duncan Rowe', 'Enim dolorum cum et libero perspiciatis. Quos ut omnis corrupti quia repudiandae.', 0, '2020-01-06 01:05:50', '2020-01-06 01:05:50'),
(246, 34, 'Dolly Carter', 'Placeat aut at qui quibusdam omnis qui. Iste officiis officia odit inventore. Possimus voluptas eveniet modi qui maxime.', 5, '2020-01-06 01:05:50', '2020-01-06 01:05:50'),
(247, 12, 'Alexie Bradtke', 'Omnis magni in voluptates in. Quia sint itaque nam vero. Quasi dolor adipisci mollitia aperiam. Maiores voluptate ut voluptatum qui.', 1, '2020-01-06 01:05:50', '2020-01-06 01:05:50'),
(248, 2, 'Hans Spinka', 'Sint quidem explicabo ut. Dignissimos accusamus delectus quia possimus dicta qui. Nostrum molestiae asperiores rerum velit. Magni in est quasi explicabo consequuntur.', 1, '2020-01-06 01:05:50', '2020-01-06 01:05:50'),
(249, 22, 'Ethel Smith III', 'Ut aspernatur illum est asperiores. Sapiente assumenda et cum cumque corrupti repellat illo quia. Iusto consequatur soluta asperiores hic eveniet modi atque.', 4, '2020-01-06 01:05:50', '2020-01-06 01:05:50'),
(250, 41, 'Aliza Leannon PhD', 'Molestiae qui veritatis dolor enim voluptate facere nostrum atque. Rerum et possimus in.', 0, '2020-01-06 01:05:50', '2020-01-06 01:05:50'),
(251, 25, 'Mrs. Tina Brekke', 'Ipsam et velit qui nostrum. Nam placeat soluta vel. Quae omnis sit omnis occaecati incidunt non.', 3, '2020-01-06 01:05:50', '2020-01-06 01:05:50'),
(252, 1, 'Spencer Johns', 'In nostrum autem laborum doloremque at impedit consequuntur dolorum. Qui iure officiis numquam molestias optio laboriosam. Itaque enim et consectetur ut et delectus eveniet.', 5, '2020-01-06 01:05:50', '2020-01-06 01:05:50'),
(253, 46, 'Eveline Kshlerin IV', 'Laboriosam qui id est deleniti quam. Est maxime labore et molestiae enim aut tempora.', 2, '2020-01-06 01:05:50', '2020-01-06 01:05:50'),
(254, 34, 'Claudine Gleichner', 'Rem asperiores et neque soluta. Minima consectetur velit inventore reprehenderit omnis iure dolorem. Natus ratione possimus eum architecto eum. Tempore voluptates aperiam hic inventore.', 3, '2020-01-06 01:05:50', '2020-01-06 01:05:50'),
(255, 32, 'Noemi Kilback III', 'Consequuntur neque error ipsa unde sed fuga enim. Tenetur quisquam accusantium numquam qui aliquam labore eum. Eos cum exercitationem ea pariatur a quis dolor est.', 3, '2020-01-06 01:05:50', '2020-01-06 01:05:50'),
(256, 32, 'Pierce Walsh', 'Sit omnis sed debitis cum vitae. Quibusdam eaque soluta aliquid et tempore reprehenderit. Consequatur optio quos nemo omnis neque sit aut. Libero esse voluptatibus sint non rerum laborum ipsam est.', 3, '2020-01-06 01:05:50', '2020-01-06 01:05:50'),
(257, 4, 'Prof. Pascale Keebler Sr.', 'Est et quasi rerum dolores odit omnis. Commodi labore sed voluptas.', 2, '2020-01-06 01:05:50', '2020-01-06 01:05:50'),
(258, 17, 'Charity Walker', 'At excepturi debitis et praesentium at omnis. Est rem veniam porro et dolor officiis. Odio eligendi ducimus soluta excepturi.', 3, '2020-01-06 01:05:50', '2020-01-06 01:05:50'),
(259, 39, 'Mrs. Adrienne Greenholt', 'Et nobis ratione accusantium porro. Voluptatem assumenda dolore est.', 5, '2020-01-06 01:05:50', '2020-01-06 01:05:50'),
(260, 4, 'Alisha Kunze', 'Dolor eum molestias voluptatem nam repellat dolor occaecati. Autem dignissimos facere omnis non cum.', 2, '2020-01-06 01:05:50', '2020-01-06 01:05:50'),
(261, 24, 'Mekhi Gerhold', 'Qui voluptatem illo quo consequatur deleniti nam. Est vero commodi nulla quidem est aut ea. Laborum deleniti aliquam asperiores nemo numquam voluptas ea nemo. Tenetur sit aut odit et dolor vitae sit et.', 0, '2020-01-06 01:05:50', '2020-01-06 01:05:50'),
(262, 33, 'Ms. Lindsay Deckow V', 'Libero rerum sapiente a labore et. Accusantium incidunt id dolores repellat. Rem voluptatum nostrum iure laudantium incidunt.', 2, '2020-01-06 01:05:50', '2020-01-06 01:05:50'),
(263, 37, 'Miss Rosina Gutkowski', 'Veritatis dolorem in quis et dicta. Eos aut repudiandae dignissimos. Dignissimos commodi consequuntur reiciendis dicta doloremque saepe. Repudiandae ex ab voluptate minus voluptatem.', 3, '2020-01-06 01:05:50', '2020-01-06 01:05:50'),
(264, 23, 'Miss Caitlyn Daniel', 'Eum consectetur sunt dolor vel. Natus quae dolorum molestiae non. Consectetur nesciunt dolor ut placeat. Illo ratione rerum assumenda voluptatem nisi quasi.', 5, '2020-01-06 01:05:50', '2020-01-06 01:05:50'),
(265, 16, 'Gene Greenfelder', 'Ducimus autem velit deleniti qui. Eum aut error quia et ipsum laboriosam. Eveniet fugiat odit deserunt quae officia ipsam.', 4, '2020-01-06 01:05:50', '2020-01-06 01:05:50'),
(266, 21, 'Prof. Shirley Predovic Jr.', 'Quia ullam dolor aliquam sed explicabo. Vitae quia in rem dignissimos et dolor quis. Molestiae fugiat sit ipsum dignissimos qui id aut. Accusantium facilis id pariatur iure rerum.', 1, '2020-01-06 01:05:50', '2020-01-06 01:05:50'),
(267, 1, 'Mr. Victor Hermann V', 'Totam et et nulla porro. Est quia ad perferendis voluptatem dolor atque neque ut. Explicabo vero repellat harum quia iste. In harum et maiores doloremque rerum.', 3, '2020-01-06 01:05:50', '2020-01-06 01:05:50'),
(268, 14, 'Jocelyn Wisozk', 'Atque itaque accusantium est aut natus. Consequatur sed est qui est perferendis. Enim laboriosam molestiae tempore commodi velit possimus sed. Enim eos commodi sed est error reprehenderit. Molestiae est provident a quia reiciendis atque minus.', 3, '2020-01-06 01:05:50', '2020-01-06 01:05:50'),
(269, 42, 'Linda Nienow', 'Ullam odit fugiat cum impedit rerum quibusdam nulla. Omnis ad voluptas explicabo blanditiis repellendus similique officia ipsa. Vel expedita et excepturi. Porro totam ut qui et exercitationem sunt.', 1, '2020-01-06 01:05:51', '2020-01-06 01:05:51'),
(270, 42, 'Prof. Kris Beer III', 'Consequatur et autem quia magnam magnam. Repellat sit non fugiat dolor quaerat. Odit voluptatibus atque aut quod error aliquam.', 4, '2020-01-06 01:05:51', '2020-01-06 01:05:51'),
(271, 31, 'Mrs. Elda Tremblay', 'Ut repellendus dolorem optio eligendi consequuntur officiis. Nam vitae totam qui. Ducimus ut quis ut ipsa. Eos aut voluptas omnis et eos voluptas.', 0, '2020-01-06 01:05:51', '2020-01-06 01:05:51'),
(272, 37, 'Breanna Emmerich', 'In blanditiis distinctio quae voluptatem expedita dolores. Sit asperiores rerum excepturi dolorem minus tempora corporis. Minus laudantium totam ut. Voluptates non cumque culpa qui sequi.', 2, '2020-01-06 01:05:51', '2020-01-06 01:05:51'),
(273, 12, 'Sister Weber', 'Assumenda exercitationem voluptatem delectus aperiam iure. Voluptatem culpa blanditiis nihil voluptatem labore commodi laboriosam. Similique nihil ut consequatur dolores eius. Ad ratione facilis sit aut tempore ipsum eum qui.', 0, '2020-01-06 01:05:51', '2020-01-06 01:05:51'),
(274, 21, 'Yvette Fritsch', 'Necessitatibus quam et atque ad velit. Ipsam a ipsam et commodi. Impedit necessitatibus dolor tempora tenetur beatae. Nam quam quis autem debitis rem deserunt sed. Perspiciatis in enim corporis voluptate qui est.', 2, '2020-01-06 01:05:51', '2020-01-06 01:05:51'),
(275, 41, 'Ansel Gibson', 'Officiis aspernatur nulla occaecati voluptatem ullam optio. Libero qui magni ab corrupti tempora soluta qui. Eaque ea quibusdam ea suscipit porro laudantium quis.', 2, '2020-01-06 01:05:51', '2020-01-06 01:05:51'),
(276, 6, 'Mrs. Delta Adams II', 'In aliquam quia distinctio. Id eos laboriosam aspernatur repellat. Optio facere maxime quibusdam rerum consequatur voluptatem nostrum. Fuga officiis optio quasi corporis.', 1, '2020-01-06 01:05:51', '2020-01-06 01:05:51'),
(277, 14, 'Watson Ernser', 'Molestias asperiores a omnis quia quia. Consectetur ea voluptate est nulla. Assumenda dicta et vel et. Quam delectus reiciendis itaque dolores rerum autem.', 4, '2020-01-06 01:05:51', '2020-01-06 01:05:51'),
(278, 32, 'Stuart Gutkowski', 'Nemo molestias voluptas aut vel sed in. Nisi est velit in qui. Ut eos qui pariatur ipsum.', 1, '2020-01-06 01:05:51', '2020-01-06 01:05:51'),
(279, 1, 'Dr. Juwan McGlynn Sr.', 'Doloremque doloremque sapiente magnam minus aut. Dolorum corporis fuga eligendi officia quia eligendi ut.', 5, '2020-01-06 01:05:51', '2020-01-06 01:05:51'),
(280, 26, 'Miss Hannah Hoppe DDS', 'Asperiores magnam consequatur temporibus qui voluptatum itaque rerum. Qui consequuntur ab vitae dolor dolores tenetur. Eius ad totam est vel aut.', 5, '2020-01-06 01:05:51', '2020-01-06 01:05:51'),
(281, 48, 'Dr. Lew Cartwright MD', 'Deserunt ipsum quia et mollitia. Perferendis fuga earum repudiandae et assumenda. Labore suscipit eum totam et possimus.', 0, '2020-01-06 01:05:51', '2020-01-06 01:05:51'),
(282, 35, 'Kayleigh Mitchell I', 'Nostrum fugit ea animi et accusamus adipisci. Et nihil omnis minima dolore in et cumque. Magni ducimus excepturi culpa in nemo dolorem eos. Commodi harum molestias eaque id dolores officia.', 3, '2020-01-06 01:05:51', '2020-01-06 01:05:51'),
(283, 26, 'Mr. Kamryn Mohr II', 'Sint nemo incidunt itaque. Ut adipisci labore quo.', 2, '2020-01-06 01:05:51', '2020-01-06 01:05:51'),
(284, 4, 'Abner Schroeder', 'Sed repellat autem eum recusandae. Dolor voluptas sint est. Enim qui quam doloremque quidem mollitia blanditiis deleniti. Occaecati itaque voluptas asperiores sequi dicta harum.', 2, '2020-01-06 01:05:51', '2020-01-06 01:05:51'),
(285, 19, 'Elvera Mosciski', 'Et nostrum fugit et ut sit consequatur autem. Incidunt vitae delectus unde nemo. Sed sint sint dolorem dicta aut. Recusandae voluptatem corporis sed libero. Ab et ut deserunt.', 3, '2020-01-06 01:05:51', '2020-01-06 01:05:51'),
(286, 1, 'Ms. Delphia Bailey MD', 'Possimus incidunt cumque quas saepe. Cupiditate cumque facilis rem molestias aliquam consequatur impedit dolores. Omnis culpa perferendis fuga eaque omnis soluta. Eveniet consequatur et dolores.', 3, '2020-01-06 01:05:51', '2020-01-06 01:05:51'),
(287, 42, 'Prof. Claire Crooks PhD', 'Iure commodi alias aut pariatur autem error id et. Accusantium tempore praesentium molestias ratione eius. Incidunt impedit est amet enim. Blanditiis qui sint vitae eum itaque sed veniam.', 2, '2020-01-06 01:05:51', '2020-01-06 01:05:51'),
(288, 18, 'Kristina Hill', 'Quas aut ipsa ut ea. Beatae quos omnis qui sint et dicta eum et. Earum quis quis veniam rem enim quas labore. Sit est harum distinctio blanditiis.', 2, '2020-01-06 01:05:51', '2020-01-06 01:05:51'),
(289, 13, 'Mrs. Dana Leuschke Jr.', 'Cupiditate voluptatem vel quisquam quas corporis voluptas. Ad corrupti quam et explicabo deleniti sit. Perspiciatis qui voluptas est ipsam. Odit a possimus magnam odit ut nihil.', 3, '2020-01-06 01:05:51', '2020-01-06 01:05:51'),
(290, 35, 'Wilton Lowe', 'Quo ex commodi quia dolores qui. Exercitationem aperiam ipsam id voluptatem quia quasi voluptatem quasi. Sequi blanditiis quam quos velit labore ab est est. Numquam consequatur numquam sed rerum quidem.', 5, '2020-01-06 01:05:51', '2020-01-06 01:05:51'),
(291, 14, 'Rickie Goyette', 'Quod et rerum illo. Excepturi laboriosam vero et consequuntur error rerum. Amet praesentium maiores maiores quos voluptatibus omnis. Enim vero in deserunt adipisci tenetur ullam asperiores.', 0, '2020-01-06 01:05:51', '2020-01-06 01:05:51'),
(292, 10, 'Genesis Fay', 'Qui molestiae eaque debitis eaque velit incidunt omnis. Omnis est et sint et incidunt beatae aliquid corrupti. Sint sequi et perferendis harum tempore sit facere. A et quis quo asperiores illo.', 3, '2020-01-06 01:05:51', '2020-01-06 01:05:51'),
(293, 45, 'Keeley Sauer', 'Ea qui esse veniam voluptas eos. Rerum et in ad. Rerum voluptates molestiae vero natus at iste. Error harum odit qui et neque inventore ex.', 4, '2020-01-06 01:05:51', '2020-01-06 01:05:51'),
(294, 50, 'Willis Runolfsson', 'Consectetur enim recusandae quis repudiandae. Voluptatem praesentium exercitationem sint ab. Velit expedita nisi quia.', 0, '2020-01-06 01:05:51', '2020-01-06 01:05:51'),
(295, 31, 'Sabrina Halvorson', 'Et laborum sed impedit qui. Aut quaerat vel iste natus. Iste quaerat nulla vel voluptatibus sint quisquam sint. Qui sed quia necessitatibus sequi in.', 0, '2020-01-06 01:05:51', '2020-01-06 01:05:51'),
(296, 43, 'Prof. Clinton Wiegand', 'Vel dolores dolor sed et nihil repellendus placeat quo. Repellat hic voluptatem quis quasi est. Qui numquam dolorum nihil et.', 5, '2020-01-06 01:05:51', '2020-01-06 01:05:51'),
(297, 12, 'Ernesto Hudson I', 'Assumenda qui consequuntur libero assumenda animi. Voluptas rem explicabo debitis culpa sed. Et quam est amet magni.', 2, '2020-01-06 01:05:51', '2020-01-06 01:05:51'),
(298, 44, 'Reva Price', 'Hic assumenda ut tempore animi. Numquam autem fugiat consequatur. Architecto ducimus aliquid aut culpa.', 2, '2020-01-06 01:05:51', '2020-01-06 01:05:51'),
(299, 23, 'June Lind', 'Qui minus perspiciatis autem dolor maxime sunt. Culpa eum autem soluta ullam odit animi mollitia. Quasi neque odio quo. Quod molestias vero amet facere deserunt inventore consequatur possimus.', 2, '2020-01-06 01:05:51', '2020-01-06 01:05:51'),
(300, 50, 'April Dibbert', 'Nam vitae aut aliquam aut qui. Dolor suscipit et voluptatibus sunt. Eaque eius et sed et. Rerum ipsa doloribus commodi.', 0, '2020-01-06 01:05:51', '2020-01-06 01:05:51');

-- --------------------------------------------------------

--
-- Table structure for table `users`
--

CREATE TABLE `users` (
  `id` bigint(20) UNSIGNED NOT NULL,
  `name` varchar(191) COLLATE utf8mb4_unicode_ci NOT NULL,
  `email` varchar(191) COLLATE utf8mb4_unicode_ci NOT NULL,
  `email_verified_at` timestamp NULL DEFAULT NULL,
  `password` varchar(191) COLLATE utf8mb4_unicode_ci NOT NULL,
  `remember_token` varchar(100) COLLATE utf8mb4_unicode_ci DEFAULT NULL,
  `created_at` timestamp NULL DEFAULT NULL,
  `updated_at` timestamp NULL DEFAULT NULL
) ENGINE=InnoDB DEFAULT CHARSET=utf8mb4 COLLATE=utf8mb4_unicode_ci;

--
-- Indexes for dumped tables
--

--
-- Indexes for table `failed_jobs`
--
ALTER TABLE `failed_jobs`
  ADD PRIMARY KEY (`id`);

--
-- Indexes for table `migrations`
--
ALTER TABLE `migrations`
  ADD PRIMARY KEY (`id`);

--
-- Indexes for table `password_resets`
--
ALTER TABLE `password_resets`
  ADD KEY `password_resets_email_index` (`email`);

--
-- Indexes for table `products`
--
ALTER TABLE `products`
  ADD PRIMARY KEY (`id`);

--
-- Indexes for table `reviews`
--
ALTER TABLE `reviews`
  ADD PRIMARY KEY (`id`),
  ADD KEY `reviews_product_id_index` (`product_id`);

--
-- Indexes for table `users`
--
ALTER TABLE `users`
  ADD PRIMARY KEY (`id`),
  ADD UNIQUE KEY `users_email_unique` (`email`);

--
-- AUTO_INCREMENT for dumped tables
--

--
-- AUTO_INCREMENT for table `failed_jobs`
--
ALTER TABLE `failed_jobs`
  MODIFY `id` bigint(20) UNSIGNED NOT NULL AUTO_INCREMENT;

--
-- AUTO_INCREMENT for table `migrations`
--
ALTER TABLE `migrations`
  MODIFY `id` int(10) UNSIGNED NOT NULL AUTO_INCREMENT, AUTO_INCREMENT=6;

--
-- AUTO_INCREMENT for table `products`
--
ALTER TABLE `products`
  MODIFY `id` bigint(20) UNSIGNED NOT NULL AUTO_INCREMENT, AUTO_INCREMENT=51;

--
-- AUTO_INCREMENT for table `reviews`
--
ALTER TABLE `reviews`
  MODIFY `id` bigint(20) UNSIGNED NOT NULL AUTO_INCREMENT, AUTO_INCREMENT=301;

--
-- AUTO_INCREMENT for table `users`
--
ALTER TABLE `users`
  MODIFY `id` bigint(20) UNSIGNED NOT NULL AUTO_INCREMENT;

--
-- Constraints for dumped tables
--

--
-- Constraints for table `reviews`
--
ALTER TABLE `reviews`
  ADD CONSTRAINT `reviews_product_id_foreign` FOREIGN KEY (`product_id`) REFERENCES `products` (`id`) ON DELETE CASCADE;
COMMIT;

/*!40101 SET CHARACTER_SET_CLIENT=@OLD_CHARACTER_SET_CLIENT */;
/*!40101 SET CHARACTER_SET_RESULTS=@OLD_CHARACTER_SET_RESULTS */;
/*!40101 SET COLLATION_CONNECTION=@OLD_COLLATION_CONNECTION */;
